datetime,avgMintTXGas_1d,sumMintGas_1d,mintTXCounts_1d,sumMinted_sETH2_1d,avgSellTXGas_1d,sumSellGas_1d,sellTXCounts_1d,sumSold_sETH2_1d,avgGasPricePaidOnSell_1d,mintsAvoidable_Full_Volume,mintsPotentiallyCrossableCoverage_Percentage,costOfImplementingMaxTheoriticalCross,gasSavingOnMaxTheoriticalCross,gasSavingOnMaxTheoriticalCross_PnL_in_ETH_100GWEI_GasPx,gasSavingOnMaxTheoriticalCross_PnL_in_ETH_AvgSellGasPx
2021-01-26,76118.0,228354,3,0.0021000000000000003,,,,,,False,,,,,
2021-01-27,,0,0,0.0,,,,,,False,,,,,
2021-01-28,,0,0,0.0,,,,,,False,,,,,
2021-01-29,,0,0,0.0,,,,,,False,,,,,
2021-01-30,,0,0,0.0,,,,,,False,,,,,
2021-01-31,61118.0,61118,1,32.0,,,,,,False,,,,,
2021-02-01,75260.85714285714,2634130,35,216.49915445312257,,,,,,False,,,,,
2021-02-02,74161.47826086957,1705714,23,22.294257647408344,,,,,,False,,,,,
2021-02-03,73439.42857142857,2056304,28,449.853421994289,,,,,,False,,,,,
2021-02-04,71706.23529411765,1219006,17,136.2971486766391,,,,,,False,,,,,
2021-02-05,73618.0,883416,12,33.479797672000004,,,,,,False,,,,,
2021-02-06,73305.5,1172888,16,63.78695635359722,,,,,,False,,,,,
2021-02-07,73118.0,1096770,15,57.6811757543676,,,,,,False,,,,,
2021-02-08,73118.0,1096770,15,68.45139545162576,,,,,,False,,,,,
2021-02-09,74243.0,593944,8,26.652199024498195,,,,,,False,,,,,
2021-02-10,75235.64705882352,1279006,17,120.91276721579092,,,,,,False,,,,,
2021-02-11,74618.0,746180,10,17.425520854803324,,,,,,False,,,,,
2021-02-12,73618.0,883416,12,20.368516937,,,,,,False,,,,,
2021-02-13,72027.09090909091,792298,11,113.4992762424,,,,,,False,,,,,
2021-02-14,72903.71428571429,1020652,14,14.945529589912542,,,,,,False,,,,,
2021-02-15,73118.0,731180,10,3412.702405947829,,,,,,False,,,,,
2021-02-16,73749.57894736843,1401242,19,1052.8660993218723,,,,,,False,,,,,
2021-02-17,85273.86666666667,1279108,15,80.50304742523583,,,,,,False,,,,,
2021-02-18,93093.9375,2979006,32,452.4265512425,,,,,,False,,,,,
2021-02-19,75308.76923076923,979014,13,184.62256574875,,,,,,False,,,,,
2021-02-20,99648.28571428571,697538,7,1021.6452941123897,,,,,,False,,,,,
2021-02-21,95351.27272727272,1048864,11,75.519162592675,,,,,,False,,,,,
2021-02-22,99648.28571428571,697538,7,16.35292429,,,,,,False,,,,,
2021-02-23,94380.75,755046,8,2.2356178333884213,,,,,,False,,,,,
2021-02-24,85553.5,684428,8,4.702417669885861,,,,,,False,,,,,
2021-02-25,96821.77777777778,871396,9,11.891968203021449,,,,,,False,,,,,
2021-02-26,85127.16666666667,1021526,12,69.52977704953251,,,,,,False,,,,,
2021-02-27,92231.0,1291234,14,10.614115787625295,,,,,,False,,,,,
2021-02-28,93659.45454545454,1030254,11,202.84698554000002,,,,,,False,,,,,
2021-03-01,99380.875,1590094,16,29.951323585,,,,,,False,,,,,
2021-03-02,98063.2,1961264,20,18.14583302492159,,,,,,False,,,,,
2021-03-03,97313.2,973132,10,205.526758268,,,,,,False,,,,,
2021-03-04,92851.8,928518,10,17.522971766209245,,,,,,False,,,,,
2021-03-05,87472.28571428571,612306,7,205.4231049768763,,,,,,False,,,,,
2021-03-06,91187.14285714286,638310,7,202.9528728061,,,,,,False,,,,,
2021-03-07,101736.0,610416,6,3.7949732653695647,,,,,,False,,,,,
2021-03-08,97088.52216748768,19708970,203,7388.928186214757,,,,,,False,,,,,
2021-03-09,97769.61744966442,14567673,149,753.379673755455,,,,,,False,,,,,
2021-03-10,94030.21052631579,5359722,57,173.4446529955574,,,,,,False,,,,,
2021-03-11,91473.16129032258,2835668,31,157.1715097419223,,,,,,False,,,,,
2021-03-12,94922.31578947368,1803524,19,45.411529279568754,,,,,,False,,,,,
2021-03-13,90441.44444444444,1627946,18,45.067083301542745,,,,,,False,,,,,
2021-03-14,99761.73333333334,1496426,15,43.54340337124573,,,,,,False,,,,,
2021-03-15,92505.75,1480092,16,27.739054480875712,,,,,,False,,,,,
2021-03-16,95813.2,1437198,15,26.251975264014042,,,,,,False,,,,,
2021-03-17,89499.53846153847,1163494,13,6.471350345243773,,,,,,False,,,,,
2021-03-18,83385.54838709677,2584952,31,256.9499242326292,,,,,,False,,,,,
2021-03-19,92784.52631578948,1762906,19,18.71141761546295,,,,,,False,,,,,
2021-03-20,90467.09090909091,1990276,22,24.374984817555912,,,,,,False,,,,,
2021-03-21,97505.42857142857,682538,7,4.4769980466,,,,,,False,,,,,
2021-03-22,87472.28571428571,1224612,14,11.512805652404838,,,,,,False,,,,,
2021-03-23,85546.72727272728,941014,11,7.37473043,,,,,,False,,,,,
2021-03-24,87382.21052631579,1660262,19,11.119950156407027,,,,,,False,,,,,
2021-03-25,84438.81818181818,1857654,22,551.1164584015611,,,,,,False,,,,,
2021-03-26,88328.0,1236592,14,20.055917333128168,,,,,,False,,,,,
2021-03-27,77661.57894736843,1475570,19,16.23484955532615,,,,,,False,,,,,
2021-03-28,83636.36363636363,920000,11,17.803102111323405,,,,,,False,,,,,
2021-03-29,83477.83333333333,1001734,12,18.659649864148882,,,,,,False,,,,,
2021-03-30,86568.9,1731378,20,11.89905920963357,,,,,,False,,,,,
2021-03-31,78965.6,789656,10,6.93461125812063,,,,,,False,,,,,
2021-04-01,91650.85185185185,4949146,54,144.74171711266578,,,,,,False,,,,,
2021-04-02,92930.0,2230320,24,590.651615330558,,,,,,False,,,,,
2021-04-03,85597.23809523809,1797542,21,100.35279282569174,,,,,,False,,,,,
2021-04-04,85278.08695652174,1961396,23,56.943338993681195,,,,,,False,,,,,
2021-04-05,88111.04761904762,1850332,21,30.613263590914897,,,,,,False,,,,,
2021-04-06,84985.26315789473,1614720,19,130.68981485375875,,,,,,False,,,,,
2021-04-07,78510.0,1020630,13,12.961193468131253,,,,,,False,,,,,
2021-04-08,82822.38095238095,1739270,21,25.88637887683097,,,,,,False,,,,,
2021-04-09,82798.0,1407566,17,17.78368985002476,,,,,,False,,,,,
2021-04-10,81927.0,819270,10,5.045465561054067,,,,,,False,,,,,
2021-04-11,86570.66666666667,2077696,24,40.703802332457066,,,,,,False,,,,,
2021-04-12,89159.04761904762,1872340,21,35.09245606550094,,,,,,False,,,,,
2021-04-13,84606.11111111111,1522910,18,30.976801837064283,,,,,,False,,,,,
2021-04-14,83273.09090909091,916004,11,19.601475012832918,,,,,,False,,,,,
2021-04-15,91378.92307692308,1187926,13,18.05938209806323,,,,,,False,,,,,
2021-04-16,97086.61538461539,1262126,13,28.629976467304658,,,,,,False,,,,,
2021-04-17,104359.26315789473,1982826,19,40.64059910359134,,,,,,False,,,,,
2021-04-18,99932.93333333333,1498994,15,7.002128522332579,,,,,,False,,,,,
2021-04-19,109994.28571428571,1539920,14,30.722839713334185,,,,,,False,,,,,
2021-04-20,108859.8,3265794,30,67.03424544844947,,,,,,False,,,,,
2021-04-21,108903.33333333333,4247230,39,151.12636845816348,,,,,,False,,,,,
2021-04-22,105242.69387755102,5156892,49,60.01653693993056,,,,,,False,,,,,
2021-04-23,109052.81818181818,4798324,44,64.11100979718235,,,,,,False,,,,,
2021-04-24,104294.4,4693248,45,93.59047391903766,,,,,,False,,,,,
2021-04-25,105442.96296296296,8540880,81,363.55543727811045,,,,,,False,,,,,
2021-04-26,109901.15846994535,20111912,183,534.2562760378195,,,,,,False,,,,,
2021-04-27,104113.53333333334,3123406,30,224.18326589010474,,,,,,False,,,,,
2021-04-28,104269.11764705883,3545150,34,73.77450224263072,,,,,,False,,,,,
2021-04-29,106669.82608695653,2453406,23,74.33820170335534,,,,,,False,,,,,
2021-04-30,99721.33333333333,2094148,21,45.46886458895557,,,,,,False,,,,,
2021-05-01,104544.53333333334,3136336,30,20.992813186281744,,,,,,False,,,,,
2021-05-02,114023.47826086957,2622540,23,28.535282957946144,,,,,,False,,,,,
2021-05-03,104533.42105263157,3972270,38,31.751303379227934,,,,,,False,,,,,
2021-05-04,101527.0,1827486,18,11.40316649473537,,,,,,False,,,,,
2021-05-05,107565.21428571429,3011826,28,53.61973030475904,,,,,,False,,,,,
2021-05-06,106643.85185185185,2879384,27,61.34773780236233,,,,,,False,,,,,
2021-05-07,101543.08333333333,2437034,24,45.7236683707339,,,,,,False,,,,,
2021-05-08,104908.4,1049084,10,40.97743811859605,,,,,,False,,,,,
2021-05-09,102187.2,1532808,15,53.350514604175004,,,,,,False,,,,,
2021-05-10,106506.8,1597602,15,263.6889139755,,,,,,False,,,,,
2021-05-11,99776.0,798208,8,4.83865016586986,,,,,,False,,,,,
2021-05-12,107162.66666666667,1285952,12,13.772084707777546,,,,,,False,,,,,
2021-05-13,109978.1875,1759651,16,24.569534531310318,,,,,,False,,,,,
2021-05-14,105898.7,2117974,20,20.142805687900225,,,,,,False,,,,,
2021-05-15,106227.13333333333,1593407,15,8.755038424747411,,,,,,False,,,,,
2021-05-16,97547.04347826086,2243582,23,23.614867891213635,,,,,,False,,,,,
2021-05-17,103648.41666666667,2487562,24,42.400263130401825,,,,,,False,,,,,
2021-05-18,106695.73333333334,1600436,15,28.9635740307396,,,,,,False,,,,,
2021-05-19,104889.84615384616,1363568,13,20.554401113466657,,,,,,False,,,,,
2021-05-20,103564.7,2071294,20,61.27115904440118,,,,,,False,,,,,
2021-05-21,107491.88,2687297,25,19.473115003379263,,,,,,False,,,,,
2021-05-22,99449.92,2486248,25,21.682869972079462,,,,,,False,,,,,
2021-05-23,98870.22222222222,1779664,18,6.641603662059506,,,,,,False,,,,,
2021-05-24,103689.85714285714,2903316,28,111.50384323848459,,,,,,False,,,,,
2021-05-25,106726.69230769231,2774894,26,161.66314926849842,,,,,,False,,,,,
2021-05-26,103857.8,2077156,20,62.244080409654885,,,,,,False,,,,,
2021-05-27,98377.52,2459438,25,27.71569319482456,,,,,,False,,,,,
2021-05-28,106599.1,2131982,20,24.176628383080217,,,,,,False,,,,,
2021-05-29,93677.38461538461,2435612,26,23.42296860971603,,,,,,False,,,,,
2021-05-30,104405.1052631579,1983697,19,13.61105622168644,,,,,,False,,,,,
2021-05-31,98145.6,1472184,15,6.15222698702165,,,,,,False,,,,,
2021-06-01,99721.13636363637,2193865,22,920.1587385278131,,,,,,False,,,,,
2021-06-02,104889.84615384616,2727136,26,9.491844526553244,,,,,,False,,,,,
2021-06-03,105915.84615384616,2753812,26,137.8208644578527,,,,,,False,,,,,
2021-06-04,109612.95652173914,2521098,23,5.172223029257499,,,,,,False,,,,,
2021-06-05,104551.90476190476,2195590,21,12.416145035367265,,,,,,False,,,,,
2021-06-06,103191.85714285714,2889372,28,12.978900284301416,,,,,,False,,,,,
2021-06-07,100182.86956521739,2304206,23,22.87451223518945,,,,,,False,,,,,
2021-06-08,100651.5,1610424,16,18.504634239183922,,,,,,False,,,,,
2021-06-09,106351.78787878787,3509609,33,45.012896261356126,,,,,,False,,,,,
2021-06-10,106815.28571428571,2243121,21,107.3518850226091,,,,,,False,,,,,
2021-06-11,98999.06666666667,1484986,15,22.24354050094683,,,,,,False,,,,,
2021-06-12,104748.94736842105,1990230,19,919.7688304788543,,,,,,False,,,,,
2021-06-13,108498.125,1735970,16,14.829905025002917,,,,,,False,,,,,
2021-06-14,108112.66666666667,1946028,18,26.4725142702123,,,,,,False,,,,,
2021-06-15,99447.76470588235,1690612,17,120.26044855513568,,,,,,False,,,,,
2021-06-16,99279.35294117648,1687749,17,112.92076848141195,,,,,,False,,,,,
2021-06-17,103177.5,2476260,24,42.90147364429937,,,,,,False,,,,,
2021-06-18,98199.76470588235,1669396,17,10.002562012259416,,,,,,False,,,,,
2021-06-19,100913.54838709677,3128320,31,32.87203625057603,,,,,,False,,,,,
2021-06-20,101583.4375,1625335,16,19.073370658083686,,,,,,False,,,,,
2021-06-21,100128.66666666667,1201544,12,9.750770952400131,,,,,,False,,,,,
2021-06-22,105829.52631578948,2010761,19,5.594827320983479,,,,,,False,,,,,
2021-06-23,101601.3,4064052,40,72.67040614788829,203089.18421052632,7717389.0,38.0,1017.0344267313678,16489473684.210526,True,1.0,4408000.0,3309389.0,0.054570082826315786,0.054570082826315786
2021-06-24,107034.7,2140694,20,10.998563383139581,196914.21818181817,10830282.0,55.0,860.1644989686092,18390909146.618183,True,1.0,6380000.0,4450282.0,0.08184473193883027,0.08184473193883027
2021-06-25,99471.27272727272,2188368,22,15.66101171506681,192660.8,6743128.0,35.0,870.7259782117949,21915714373.228573,True,1.0,4060000.0,2683128.0,0.05880266687481203,0.05880266687481203
2021-06-26,102681.78947368421,1950954,19,17.63773157118936,294468.4666666667,4417027.0,15.0,2097.9602454284613,12577333445.6,True,1.0,1740000.0,2677027.0,0.03366986122187423,0.03366986122187423
2021-06-27,97206.30434782608,2235745,23,22.408416399518057,244713.65384615384,6362555.0,26.0,152.63735678252226,11196153846.153847,True,1.0,3016000.0,3346555.0,0.03746854463461539,0.03746854463461539
2021-06-28,104179.21428571429,2917018,28,14.088681212465548,304188.1923076923,7908893.0,26.0,955.7438185120615,22057692363.807693,True,1.0,3016000.0,4892893.0,0.10792592856302811,0.10792592856302811
2021-06-29,102694.15625,3286213,32,158.99438049893115,232413.17142857143,8134461.0,35.0,1144.5598151051836,17990714327.4,True,1.0,4060000.0,4074461.0,0.07330246388913254,0.07330246388913254
2021-06-30,98716.95454545454,2171773,22,5.4644246453309,184342.22727272726,4055529.0,22.0,46.61521594547232,25736363702.68182,True,1.0,2552000.0,1503529.0,0.03869536918152949,0.03869536918152949
2021-07-01,96071.2,960712,10,0.7053180037644604,226119.54545454544,4974630.0,22.0,596.6981755320745,17477272793.590908,True,1.0,2552000.0,2422630.0,0.04234096538793714,0.04234096538793714
2021-07-02,104726.5625,1675625,16,0.3854402604206944,185638.14285714287,3898401.0,21.0,35.622469318350646,12790476190.47619,True,1.0,2436000.0,1462401.0,0.01870480517142857,0.01870480517142857
2021-07-03,101523.36363636363,1116757,11,0.2551252189714792,202646.0588235294,3444983.0,17.0,73.93554364459003,10617647058.82353,True,1.0,1972000.0,1472983.0,0.015639613617647062,0.015639613617647062
2021-07-04,106938.0,1069380,10,0.3945183462706592,194036.26666666666,2910544.0,15.0,89.22065386667144,12070000000.0,True,1.0,1740000.0,1170544.0,0.01412846608,0.01412846608
2021-07-05,103810.25,830482,8,0.3735676854550614,172809.1,1728091.0,10.0,47.174523483890084,14801000145.9,True,1.0,1160000.0,568091.0,0.008408314973884477,0.008408314973884477
2021-07-06,100199.0,1001990,10,0.4312688465031145,161826.8,809134.0,5.0,5.916922842255066,44800000000.0,True,1.0,580000.0,229134.0,0.0102652032,0.0102652032
2021-07-07,100658.18181818182,1107240,11,1.0386256005857282,152730.25,610921.0,4.0,8.1402585423541,35250000000.0,True,1.0,464000.0,146921.0,0.0051789652500000005,0.0051789652500000005
2021-07-08,97110.11111111111,873991,9,0.5901669877294665,191264.77777777778,1721383.0,9.0,10.811859799756384,30088889051.0,True,1.0,1044000.0,677383.0,0.020381701932033532,0.020381701932033532
2021-07-09,102620.625,820965,8,0.7474341177478335,156978.88888888888,1412810.0,9.0,306.97117997424334,18788888888.88889,True,1.0,1044000.0,368810.0,0.006929530111111111,0.006929530111111111
2021-07-10,112160.4,560802,5,0.11975970788687569,191849.88888888888,1726649.0,9.0,7.5579651114551405,15888889229.222221,True,1.0,1044000.0,682649.0,0.01084653434343932,0.01084653434343932
2021-07-11,111044.375,888355,8,0.2924357858596527,195220.4,1952204.0,10.0,19.752059351382766,11530000000.0,True,1.0,1160000.0,792204.0,0.00913411212,0.00913411212
2021-07-12,103568.5,621411,6,0.4248005774887257,178555.0,1606995.0,9.0,20.35812391541238,17777777777.77778,True,1.0,1044000.0,562995.0,0.0100088,0.0100088
2021-07-13,107780.375,862243,8,0.6402518770398395,232269.0,929076.0,4.0,1750.620542472414,25200000000.0,True,1.0,464000.0,465076.0,0.0117199152,0.0117199152
2021-07-14,100412.69230769231,1305365,13,1.7219997911709728,159740.625,1277925.0,8.0,13.222476381854113,34811101120.5,True,1.0,928000.0,349925.0,0.012181274559590963,0.012181274559590963
2021-07-15,91534.57142857143,640742,7,0.626478974453123,179518.33333333334,1077110.0,6.0,22.4792602661326,30866666666.666668,True,1.0,696000.0,381110.0,0.011763595333333333,0.011763595333333333
2021-07-16,105975.28571428571,741827,7,0.8053095640000001,225363.0,676089.0,3.0,6.540062601448118,54333333333.333336,True,1.0,348000.0,328089.0,0.017826169000000003,0.017826169000000003
2021-07-17,98213.28571428571,1374986,14,0.5177947267320071,148311.83333333334,889871.0,6.0,6.17978781221426,20502726908.666668,True,1.0,696000.0,193871.0,0.003974884168510115,0.003974884168510115
2021-07-18,103518.0,517590,5,0.27349999999999997,149875.88888888888,1348883.0,9.0,9.968540319518764,20144444606.555557,True,1.0,1044000.0,304883.0,0.006141698704980478,0.006141698704980478
2021-07-19,97110.11111111111,873991,9,0.5786030695545168,163460.4,817302.0,5.0,50.83488093958514,33400000000.0,True,1.0,580000.0,237302.0,0.0079258868,0.0079258868
2021-07-20,96729.81818181818,1064028,11,1.7106235224640978,165164.0,660656.0,4.0,3.2090713119380148,25109600000.0,True,1.0,464000.0,196656.0,0.0049379534975999995,0.0049379534975999995
2021-07-21,102036.90909090909,1122406,11,0.4493444485623,159934.16666666666,1919210.0,12.0,14.221967694991912,19933333333.333332,True,1.0,1392000.0,527210.0,0.010509052666666666,0.010509052666666666
2021-07-22,95739.17647058824,1627566,17,1.591199531123069,150242.4,751212.0,5.0,76.77046751212625,24200000000.0,True,1.0,580000.0,171212.0,0.0041433304,0.0041433304
2021-07-23,102304.66666666667,1227656,12,0.8217744124893266,172477.0,689908.0,4.0,30.26301681590183,15775000364.75,True,1.0,464000.0,225908.0,0.003563698782399943,0.003563698782399943
2021-07-24,100078.42857142857,1401098,14,0.6175241927928083,197411.0,1776699.0,9.0,9.877767374210185,14444444444.444445,True,1.0,1044000.0,732699.0,0.010583430000000001,0.010583430000000001
2021-07-25,97952.66666666667,587716,6,0.16473041405410002,148170.14285714287,1037191.0,7.0,31.179445575736725,16285714285.714285,True,1.0,812000.0,225191.0,0.0036673962857142854,0.0036673962857142854
2021-07-26,106432.46666666666,1596487,15,3.3638082614448317,161431.0,2421465.0,15.0,82.72041034581984,34466666666.666664,True,1.0,1740000.0,681465.0,0.023487827,0.023487827
2021-07-27,106397.09090909091,1170368,11,52.457686938913476,176036.5,1056219.0,6.0,25.973399931979614,28950000000.0,False,0.49513048416003197,344610.8169753823,178355.4078736425,0.005163389057941951,0.005163389057941951
2021-07-28,94189.73333333334,1412846,15,4.215146947927434,190307.44444444444,1712767.0,9.0,455.0680481216719,33733333333.333332,True,1.0,1044000.0,668767.0,0.022559740133333332,0.022559740133333332
2021-07-29,120416.0,361248,3,0.26,185472.0,1854720.0,10.0,266.871277230141,28800000145.9,True,1.0,1160000.0,694720.0,0.02000793610135965,0.02000793610135965
2021-07-30,105975.28571428571,1483654,14,4.026607892896642,167806.625,1342453.0,8.0,89.0962409857591,32500000182.375,True,1.0,928000.0,414453.0,0.013469722575585867,0.013469722575585867
2021-07-31,101057.66666666667,1515865,15,2.7457045629531445,160547.2857142857,1123831.0,7.0,14.686856551411596,35007143065.57143,True,1.0,812000.0,311831.0,0.010916312429280204,0.010916312429280204
2021-08-01,100988.625,1615818,16,2.611813077281387,154911.14285714287,1084378.0,7.0,41.421899380894814,31142857351.285713,True,1.0,812000.0,272378.0,0.0084826291996285,0.0084826291996285
2021-08-02,95916.79166666667,2302003,24,3.462811676830799,200474.14285714287,1403319.0,7.0,25.387020087910336,52014285717.57143,True,1.0,812000.0,591319.0,0.03075703541622862,0.03075703541622862
2021-08-03,106891.11111111111,1924040,18,3.78346082,159496.0,956976.0,6.0,2003.3367097983812,35333333333.333336,True,1.0,696000.0,260976.0,0.009221152000000002,0.009221152000000002
2021-08-04,103029.12,2575728,25,3.1951895412036735,192710.0,1541680.0,8.0,14.197947435470212,39975000000.0,True,1.0,928000.0,613680.0,0.024531858,0.024531858
2021-08-05,103147.22222222222,1856650,18,7.313389308010103,207886.4,2078864.0,10.0,3.431192399101289,49435497288.1,False,0.4691658346894268,544232.3682397351,431099.59552606544,0.021311622885529815,0.021311622885529815
2021-08-06,101827.54166666667,2443861,24,8.402334140793046,180253.6923076923,2343298.0,13.0,83.4970385027155,45783021570.46154,True,1.0,1508000.0,835298.0,0.038242466351763385,0.038242466351763385
2021-08-07,102920.08695652174,2367162,23,8.225523047719232,208581.875,1668655.0,8.0,13.438093089158352,46456290670.125,True,1.0,928000.0,740655.0,0.034408083966281436,0.034408083966281436
2021-08-08,105773.53571428571,2961659,28,13.81443542613761,220294.45454545456,2423239.0,11.0,87.73608026723267,38177022023.0,True,1.0,1276000.0,1147239.0,0.0437981685686445,0.0437981685686445
2021-08-09,111056.27777777778,1999013,18,4.004296228440646,238047.6,2380476.0,10.0,35.477009145749875,45985959362.5,True,1.0,1160000.0,1220476.0,0.05612475973890655,0.05612475973890655
2021-08-10,101216.66666666667,2429200,24,9.70728785296144,232635.35714285713,3256895.0,14.0,25.64852160239928,42264846291.28571,True,1.0,1624000.0,1632895.0,0.06901405618480899,0.06901405618480899
2021-08-11,109376.36842105263,2078151,19,9.705345841858545,249446.0,2743906.0,11.0,121.34482933611206,54601052689.63636,True,1.0,1276000.0,1467906.0,0.08014921284943335,0.08014921284943335
2021-08-12,100746.3,2014926,20,3.9928561415602175,165820.22222222222,1492382.0,9.0,10.800559375323651,50139886033.888885,True,1.0,1044000.0,448382.0,0.022481822379647166,0.022481822379647166
2021-08-13,96829.11764705883,1646095,17,5.167798599116349,231702.5,2317025.0,10.0,8.42913256733814,51777255287.1,True,1.0,1160000.0,1157025.0,0.059907578798556876,0.059907578798556876
2021-08-14,104410.72727272728,1148518,11,1.8005799513298846,218660.08333333334,2623921.0,12.0,12.291869955342989,50893336368.5,True,1.0,1392000.0,1231921.0,0.06269656983241889,0.06269656983241889
2021-08-15,112640.23076923077,1464323,13,2.5339429478313833,230332.55555555556,2072993.0,9.0,33.5285655559145,35670067816.666664,True,1.0,1044000.0,1028993.0,0.03670425009287528,0.03670425009287528
2021-08-16,108750.93333333333,1631264,15,3.5895076934215435,209936.0,1049680.0,5.0,8.153443291627504,44799210042.4,True,1.0,580000.0,469680.0,0.021041292972714433,0.021041292972714433
2021-08-17,104874.1,2097482,20,8.206726930004383,206341.7857142857,2888785.0,14.0,236.29960022156325,46741494339.14286,True,1.0,1624000.0,1264785.0,0.0591179409177328,0.0591179409177328
2021-08-18,101692.22727272728,2237229,22,5.185472188416781,252466.42857142858,1767265.0,7.0,15.373487515009002,33538074227.714287,True,1.0,812000.0,955265.0,0.03203774847713749,0.03203774847713749
2021-08-19,101563.2,1523448,15,2.641658550109168,249515.6,3742734.0,15.0,1838.651053092173,28310140508.866665,True,1.0,1740000.0,2002734.0,0.05669768094188457,0.05669768094188457
2021-08-20,102272.53846153847,1329543,13,3.6502196316812134,236682.125,1893457.0,8.0,5.424511335770581,35124607942.75,True,1.0,928000.0,965457.0,0.03391129861058359,0.03391129861058359
2021-08-21,93653.4,936534,10,4.197268797983124,162794.27272727274,1790737.0,11.0,7.5021186543626115,28743114963.636364,True,1.0,1276000.0,514737.0,0.014795144767037291,0.014795144767037291
2021-08-22,104044.35,2080887,20,3.6424520161266742,183524.625,1468197.0,8.0,23.268914066806055,30956853006.875,True,1.0,928000.0,540197.0,0.016722799123754857,0.016722799123754857
2021-08-23,108552.41666666667,1302629,12,5.720208969169637,230026.23076923078,2990341.0,13.0,34.252019415798244,57799205203.0,True,1.0,1508000.0,1482341.0,0.08567813163982022,0.08567813163982022
2021-08-24,109184.33333333333,1310212,12,6.278573336484176,227802.3,2278023.0,10.0,86.09023071974659,66139422809.7,True,1.0,1160000.0,1118023.0,0.07394539590796922,0.07394539590796922
2021-08-25,99187.93333333333,1487819,15,8.917077626235272,183746.25,734985.0,4.0,0.561002126716297,54253795520.75,False,0.06291322675780588,29191.737215621928,17048.54075296402,0.0009249480439384833,0.0009249480439384833
2021-08-26,112743.25,1352919,12,6.7612199423268144,242954.0,2186586.0,9.0,62.735755892438426,76558871468.55556,True,1.0,1044000.0,1142586.0,0.08747509471577102,0.08747509471577102
2021-08-27,102001.4,510007,5,4.8547470980594545,199347.0,1196082.0,6.0,3.7786875,77044500730.66667,False,0.7783489899011262,541730.8969711838,389238.3195677351,0.02998867199633983,0.02998867199633983
2021-08-28,98232.91666666667,1178795,12,6.602007466872733,201548.54545454544,2217034.0,11.0,46.144841640713466,80563141291.0,True,1.0,1276000.0,941034.0,0.07581265510163489,0.07581265510163489
2021-08-29,111992.25,895938,8,5.6020165705016,200932.23076923078,2612119.0,13.0,18.98915982283845,66024274391.23077,True,1.0,1508000.0,1104119.0,0.07289865581657132,0.07289865581657132
2021-08-30,105440.44444444444,948964,9,7.606,164087.625,1312701.0,8.0,11.373400472165523,76446744387.25,True,1.0,928000.0,384701.0,0.029409139012519462,0.029409139012519462
2021-08-31,97952.66666666667,587716,6,7.506016501824799,205456.42857142858,1438195.0,7.0,18.25906399219677,126607310823.57143,True,1.0,812000.0,626195.0,0.07928086500116631,0.07928086500116631
2021-09-01,103846.61538461539,1350006,13,31.138663769139058,208058.55555555556,1872527.0,9.0,40.05396421467624,110845880036.11111,True,1.0,1044000.0,828527.0,0.09183880444867903,0.09183880444867903
2021-09-02,97952.66666666667,587716,6,5.8238539271226,164537.0,822685.0,5.0,184.84003833157038,122478091969.0,True,1.0,580000.0,242685.0,0.029723595749496765,0.029723595749496765
2021-09-03,97595.0,1073545,11,17.54584810045805,162529.5,325059.0,2.0,10.279329527902645,103890727968.5,False,0.585855381230292,135918.44844542776,54519.115921909746,0.0056640306413262426,0.0056640306413262426
2021-09-04,107780.375,862243,8,8.887650589855852,210543.16666666666,1263259.0,6.0,335.89625887815237,92522471034.66667,True,1.0,696000.0,567259.0,0.05248420439665399,0.05248420439665399
2021-09-05,110048.30769230769,1430628,13,28.21379905590944,175278.5,1051671.0,6.0,9.203738853295343,90301745195.16667,False,0.32621409243955046,227045.0083379271,116024.89247206738,0.01047725027630924,0.01047725027630924
2021-09-06,98408.75,787270,8,4.415517357752837,185542.66666666666,1113256.0,6.0,5.035199652514497,100646124484.5,True,1.0,696000.0,417256.0,0.04199519931790453,0.04199519931790453
2021-09-07,105975.28571428571,741827,7,12.890882548480256,227318.6,1136593.0,5.0,8.434188184712523,133197584023.0,False,0.6542754658568241,379479.7701969579,364165.1443676473,0.04850591741515762,0.04850591741515762
2021-09-08,103680.6,1555209,15,13.03449374972337,225957.2,1129786.0,5.0,54.03638957171447,97886377628.8,True,1.0,580000.0,549786.0,0.053816560011027435,0.053816560011027435
2021-09-09,110788.85714285714,775522,7,18.323283550468208,185926.66666666666,557780.0,3.0,9.078003301668566,111619884378.0,False,0.49543539926481134,172411.51894415435,103932.43805777215,0.011600926719132173,0.011600926719132173
2021-09-10,103568.5,828548,8,5.884013491112865,185655.75,742623.0,4.0,6.837008007655665,108703876431.0,True,1.0,464000.0,278623.0,0.030287400162834512,0.030287400162834512
2021-09-11,101939.8,1529097,15,13.386611760832974,160438.58333333334,1925263.0,12.0,33.565624806165005,66554780997.083336,True,1.0,1392000.0,533263.0,0.03549120217884765,0.03549120217884765
2021-09-12,100199.0,500995,5,2.219385703060761,194975.66666666666,1754781.0,9.0,13.671243061678842,50795627868.666664,True,1.0,1044000.0,710781.0,0.03610456717211876,0.03610456717211876
2021-09-13,100199.0,500995,5,2.6656172061911185,284822.5,569645.0,2.0,0.8866310655866481,56760753320.5,False,0.33261755045974845,77167.27170666165,112306.65282498175,0.006374610217249823,0.006374610217249823
2021-09-14,104186.13333333333,1562792,15,5.184328810104811,161030.66666666666,483092.0,3.0,2.1287312494005795,51934055928.0,False,0.4106088420262725,142891.87702514284,55469.96968701322,0.002880780508049809,0.002880780508049809
2021-09-15,100854.0,907686,9,1.4033661027313613,185071.75,740287.0,4.0,6.0448513794337,64063671533.5,True,1.0,464000.0,276287.0,0.017699959616976117,0.017699959616976117
2021-09-16,99403.33333333333,1789260,18,8.239850179483858,287565.6,1437828.0,5.0,2.0794601552416974,47237059120.2,False,0.2523662578743579,146372.42956712758,216486.84225984468,0.010226201766573694,0.010226201766573694
2021-09-17,103532.42857142857,724727,7,11.314193576011974,219041.5,1752332.0,8.0,16.822056765559104,61119225561.0,True,1.0,928000.0,824332.0,0.05038253344515025,0.05038253344515025
2021-09-18,105417.45454545454,1159592,11,9.625449831917063,163233.57142857142,1142635.0,7.0,6.885971277105129,46714585441.28571,False,0.7153921528188649,580898.4280889183,236533.68444726535,0.01104957301185389,0.01104957301185389
2021-09-19,99356.625,794853,8,5.3242853227212,233882.33333333334,2806588.0,12.0,27.54210667201244,45331391221.083336,True,1.0,1392000.0,1414588.0,0.06412524204464984,0.06412524204464984
2021-09-20,113677.0,568385,5,5.8185513385341,184241.5,736966.0,4.0,25.683463110136525,104387617965.0,True,1.0,464000.0,272966.0,0.02849427052543419,0.02849427052543419
2021-09-21,112148.42857142857,785039,7,1.4039266972172464,212664.83333333334,1275989.0,6.0,8.369019237797628,109588443854.5,True,1.0,696000.0,579989.0,0.0635600919627276,0.0635600919627276
2021-09-22,99187.93333333333,1487819,15,11.789379288218424,188348.8,941744.0,5.0,14.734989398882412,69486273671.0,True,1.0,580000.0,361744.0,0.025136242582842222,0.025136242582842222
2021-09-23,92701.7,927017,10,1.4656174437018223,175381.44444444444,1578433.0,9.0,15.38546347128133,65228743759.666664,True,1.0,1044000.0,534433.0,0.034860393213709935,0.034860393213709935
2021-09-24,103568.5,621411,6,3.3204549793881,191922.0,1151532.0,6.0,59.0175741043243,77100750673.83333,True,1.0,696000.0,455532.0,0.035121859155952645,0.035121859155952645
2021-09-25,98284.36363636363,1081128,11,8.342895747238499,190174.27272727274,2091917.0,11.0,11.925103256168374,42765559335.63636,True,1.0,1276000.0,815917.0,0.03489314687645441,0.03489314687645441
2021-09-26,106938.0,534690,5,0.46941718474002103,212021.2,1060106.0,5.0,1.4341249205525601,55397657301.6,True,1.0,580000.0,480106.0,0.02659674765644197,0.02659674765644197
2021-09-27,106938.0,534690,5,0.7896989002394901,164875.0,329750.0,2.0,6.2413927686795105,68824941468.0,True,1.0,232000.0,97750.0,0.006727638028497,0.006727638028497
2021-09-28,100199.0,500995,5,1.004401720616355,184470.55555555556,1660235.0,9.0,330.0264308391787,75868081513.66667,True,1.0,1044000.0,616235.0,0.04675256721157438,0.04675256721157438
2021-09-29,109184.33333333333,655106,6,3.0999999999999996,169191.75,1353534.0,8.0,23.677975049077116,70002954260.5,True,1.0,928000.0,425534.0,0.029788637138287603,0.029788637138287603
2021-09-30,111992.25,447969,4,5.07,184784.0,923920.0,5.0,4.731891370196076,82000615353.6,False,0.933311907336504,541320.9062551723,320984.6311711705,0.02632093727508432,0.02632093727508432
2021-10-01,103808.71428571429,726661,7,2.1432939615609015,164849.0,494547.0,3.0,5.326483592799258,75401055648.66667,True,1.0,348000.0,146547.0,0.011049798502145155,0.011049798502145155
2021-10-02,113677.0,568385,5,3.543,209853.75,839415.0,4.0,2.1628349126722513,54074261090.75,False,0.6104529812792129,283250.1833135548,229173.20596693567,0.012392371774460304,0.012392371774460304
2021-10-03,89985.0,719880,8,2.9817479253923915,187505.7,1875057.0,10.0,9.074071448385583,48894822934.7,True,1.0,1160000.0,715057.0,0.034962585403217776,0.034962585403217776
2021-10-04,116141.0,464564,4,3.62407126716983,158569.0,634276.0,4.0,64.35489005525426,74006413230.75,True,1.0,464000.0,170276.0,0.012601516019279186,0.012601516019279186
2021-10-05,93249.0,372996,4,12.690361693153102,186444.0,1305108.0,7.0,21.510550719979722,132891769535.28572,True,1.0,812000.0,493108.0,0.06552999469200568,0.06552999469200568
2021-10-06,112076.28571428571,784534,7,7.0055,161423.66666666666,484271.0,3.0,3.5127617051855338,118161491732.0,False,0.5014291207173698,174497.3340096447,68330.24770927668,0.008074003999745208,0.008074003999745208
2021-10-07,110048.30769230769,1430628,13,7.1360463606238165,304094.6666666667,912284.0,3.0,101.1773918752064,98152633963.0,True,1.0,348000.0,564284.0,0.05538596090317749,0.05538596090317749
2021-10-08,103568.5,1035685,10,8.360205923708481,161076.5,644306.0,4.0,6.536476726843604,92647530549.25,False,0.7818559478669045,362781.1598102437,140973.31853609008,0.013060829835701558,0.013060829835701558
2021-10-09,115829.55555555556,1042466,9,2.6393769000000002,184221.375,1473771.0,8.0,24.87400082597123,79234543938.875,True,1.0,928000.0,545771.0,0.04324391628006375,0.04324391628006375
2021-10-10,108982.54545454546,1198808,11,17.173089984501352,212517.0,637551.0,3.0,3.9367985690577862,71444786069.33333,False,0.22924229551063505,79776.318837701,66377.33590739989,0.004742314563756463,0.004742314563756463
2021-10-11,105975.28571428571,741827,7,5.080989045489821,199661.85714285713,1397633.0,7.0,13.806428433390542,81587284178.14285,True,1.0,812000.0,585633.0,0.04778020599509833,0.04778020599509833
2021-10-12,96056.91666666667,1152683,12,4.36213152802628,211132.75,844531.0,4.0,5.465164180009496,83291384409.0,True,1.0,464000.0,380531.0,0.03169495380054118,0.03169495380054118
2021-10-13,100854.0,907686,9,3.5710989468395367,245056.25,980225.0,4.0,9.06552363029352,82918499019.75,True,1.0,464000.0,516225.0,0.042804602156470445,0.042804602156470445
2021-10-14,109184.33333333333,655106,6,3.9448708053238555,168063.0,504189.0,3.0,1.8900000000000001,140592878870.0,False,0.47910314260465114,166727.8936264186,74830.64074027786,0.010520655209362373,0.010520655209362373
2021-10-15,109549.2,1095492,10,18.087848244100314,167269.0,334538.0,2.0,0.7678,80735377490.0,False,0.04244838798061191,9848.026011501963,4352.572806755983,0.0003514066086061531,0.0003514066086061531
2021-10-16,92336.83333333333,554021,6,2.628,181944.25,727777.0,4.0,81.10567919658668,72897832767.5,True,1.0,464000.0,263777.0,0.019228771633912848,0.019228771633912848
2021-10-17,102936.58333333333,1235239,12,4.415347070326024,166632.6,833163.0,5.0,72.5,66030015194.8,True,1.0,580000.0,253163.0,0.016716356736761154,0.016716356736761154
2021-10-18,103568.5,414274,4,2.802,176817.54545454544,1944993.0,11.0,313.54981516428296,80113853692.72728,True,1.0,1276000.0,668993.0,0.0535956073234587,0.0535956073234587
2021-10-19,103545.54545454546,1139001,11,12.643276082566782,173030.57142857142,1211214.0,7.0,13.102813260242144,82375063690.28572,True,1.0,812000.0,399214.0,0.032885278676053724,0.032885278676053724
2021-10-20,89648.0,1075776,12,7.974004576064051,170625.57142857142,1194379.0,7.0,12.266173947279876,80105108235.28572,True,1.0,812000.0,382379.0,0.03063051118190032,0.03063051118190032
2021-10-21,105919.36363636363,1165113,11,10.838576790811334,165305.2,826526.0,5.0,35.05916259328329,93851863400.8,True,1.0,580000.0,246526.0,0.023136924476745622,0.023136924476745622
2021-10-22,106938.0,1069380,10,3.567722685012726,216654.2857142857,1516580.0,7.0,8.746419237992548,88018975154.0,True,1.0,812000.0,704580.0,0.062016409514005326,0.062016409514005326
2021-10-23,103697.84615384616,1348072,13,9.620836801327753,224313.5,1345881.0,6.0,40.005900107287566,66991254647.666664,True,1.0,696000.0,649881.0,0.043536343561680256,0.043536343561680256
2021-10-24,109847.72727272728,1208325,11,19.48,182490.0,547470.0,3.0,12.463270322182368,87063935215.0,False,0.6397982711592591,222649.7983634222,127620.5611481374,0.011111148267903381,0.011111148267903381
2021-10-25,110048.30769230769,1430628,13,13.630032856887201,220901.0,220901.0,1.0,0.9129452030213396,72226984450.0,False,0.0669804110237366,7769.727678753446,7026.312096800993,0.0005074893345564922,0.0005074893345564922
2021-10-26,95262.4,476312,5,5.63,198871.5,397743.0,2.0,2.10773,82101571713.5,False,0.37437477797513324,86854.94849023092,62049.998825932504,0.005094402428429888,0.005094402428429888
2021-10-27,120416.0,240832,2,1.18,186876.66666666666,560630.0,3.0,3.25441160051398,128834605463.66667,True,1.0,348000.0,212630.0,0.027394102159739447,0.027394102159739447
2021-10-28,103568.5,207137,2,1.0348503826703068,173527.85714285713,1214695.0,7.0,44.52745309044694,188611859602.2857,True,1.0,812000.0,402695.0,0.07595305280254244,0.07595305280254244
2021-10-29,85204.4,426022,5,3.8690054573217125,244107.33333333334,732322.0,3.0,2.557271,206390170407.0,False,0.6609633995632175,230015.2630479997,254022.77564693487,0.05242780395303002,0.05242780395303002
2021-10-30,120416.0,240832,2,1.34,195693.5,391387.0,2.0,2.542261336,120782672653.5,True,1.0,232000.0,159387.0,0.019251187846223407,0.019251187846223407
2021-10-31,120416.0,361248,3,1.45,215821.16666666666,1294927.0,6.0,9.593368724138156,129302740323.33333,True,1.0,696000.0,598927.0,0.07744290235363306,0.07744290235363306
2021-11-01,109184.33333333333,327553,3,0.12194405832644101,281133.0,843399.0,3.0,10.04,158986992225.33334,True,1.0,348000.0,495399.0,0.0787619969614379,0.0787619969614379
2021-11-02,104597.88888888889,941381,9,3.288489539205923,298058.0,894174.0,3.0,5.660998646524991,154223442332.66666,True,1.0,348000.0,546174.0,0.08423283439260189,0.08423283439260189
2021-11-03,112918.7,1129187,10,6.244166998173346,215085.66666666666,645257.0,3.0,1.4594639924077817,173577238284.66666,False,0.23373237660599563,81338.86705888648,69478.58507276844,0.012059900916857413,0.012059900916857413
2021-11-04,112085.66666666667,1008771,9,12.482020953437148,168586.5,337173.0,2.0,2.869245919626294,111078572111.0,False,0.22987030147839926,53329.90994298863,24176.14921738769,0.0026854521342098946,0.0026854521342098946
2021-11-05,109184.33333333333,655106,6,10.5292,164863.0,659452.0,4.0,2.6697335878220048,132809218783.75,False,0.2535552167137109,117649.62055516186,49557.87421712822,0.006581742559360146,0.006581742559360146
2021-11-06,103568.5,414274,4,12.057089309052497,193593.81818181818,2129532.0,11.0,36.67973748223995,102492243144.36363,True,1.0,1276000.0,853532.0,0.08748040927549498,0.08748040927549498
2021-11-07,106938.0,534690,5,2.2021413609632,188966.8,944834.0,5.0,5.917266124983027,79126132906.6,True,1.0,580000.0,364834.0,0.028867903572846507,0.028867903572846507
2021-11-08,98408.75,787270,8,7.87488516029244,166946.8,834734.0,5.0,9.613,93732035063.2,True,1.0,580000.0,254734.0,0.02387673621978919,0.02387673621978919
2021-11-09,103568.5,621411,6,6.4613000000000005,167585.66666666666,502757.0,3.0,3.2848007236552776,144334691159.0,False,0.5083807784277588,176916.51089286004,78675.48412714468,0.011355601703276232,0.011355601703276232
2021-11-10,103568.5,207137,2,2.9743518546,184353.0,553059.0,3.0,26.704516814246865,157746313741.66666,True,1.0,348000.0,205059.0,0.032347301349552424,0.032347301349552424
2021-11-11,112735.09090909091,1240086,11,26.3283300509235,165060.33333333334,495181.0,3.0,4.0082480413609325,151387055917.33334,False,0.1522408764098708,52979.82499063503,22406.964430881206,0.003392124377235512,0.003392124377235512
2021-11-12,120416.0,240832,2,11.8,215409.0,646227.0,3.0,5.841,135751048174.0,False,0.495,172260.0,147622.365,0.020039890782674808,0.020039890782674808
2021-11-13,108790.9,1087909,10,14.104269635676035,163327.2,816636.0,5.0,0.8453145792865981,113690878998.8,False,0.059933240155053316,34761.27928993092,14182.362217331196,0.0016124052267677538,0.0016124052267677538
2021-11-14,101161.71428571429,708132,7,12.061910791269314,184968.1,1849681.0,10.0,13.282885393346437,105562465352.3,True,1.0,1160000.0,689681.0,0.07280442666663962,0.07280442666663962
2021-11-15,96905.63636363637,1065962,11,6.765956729026842,178010.0,890050.0,5.0,6.018842057933545,146281043715.0,False,0.889577379664863,515954.88020562055,275813.4665650908,0.04034628175979374,0.04034628175979374
2021-11-16,96880.0,484400,5,9.08661285630778,173576.0,347152.0,2.0,30.0386102769965,118285853023.0,True,1.0,232000.0,115152.0,0.013620852547304496,0.013620852547304496
2021-11-17,113677.0,568385,5,3.0148163173919,158223.5,1265788.0,8.0,236.00687267414122,117549929007.625,True,1.0,928000.0,337788.0,0.03970695541962763,0.03970695541962763
2021-11-18,95425.0,286275,3,6.43196894456,185191.7,1851917.0,10.0,93.93428367501149,140874675835.8,True,1.0,1160000.0,691917.0,0.09747358308027922,0.09747358308027922
2021-11-19,93460.0,467300,5,5.60788784882638,596282.5,2385130.0,4.0,25.44188157399755,119231235071.25,True,1.0,464000.0,1921130.0,0.2290587026324305,0.2290587026324305
2021-11-20,111044.375,888355,8,5.33578100581537,177481.8,887409.0,5.0,4.961362111918963,97224870624.0,False,0.9298286617294947,539300.623803107,285837.6990736022,0.02779053331189282,0.02779053331189282
2021-11-21,120416.0,722496,6,7.11,170742.77777777778,1536685.0,9.0,31.905909756555502,92215570116.44444,True,1.0,1044000.0,492685.0,0.04543322816282043,0.04543322816282043
2021-11-22,108346.0,758422,7,11.98,266279.0,1065116.0,4.0,15.137262918907993,114294876442.0,True,1.0,464000.0,601116.0,0.06870447894730927,0.06870447894730927
2021-11-23,103568.5,414274,4,3.5390075313359546,163414.0,326828.0,2.0,2.7095349845013526,92060379160.0,False,0.7656200108391742,177623.8425146884,72602.21438785721,0.006683787384401742,0.006683787384401742
2021-11-24,113677.0,568385,5,6.908,273301.1666666667,1639807.0,6.0,65.38837673177585,127457624484.16667,True,1.0,696000.0,943807.0,0.12029539819152789,0.12029539819152789
2021-11-25,103518.0,517590,5,6.439003295233587,248777.75,995111.0,4.0,18.101740574494166,101958872561.5,True,1.0,464000.0,531111.0,0.05415147876501083,0.05415147876501083
2021-11-26,103484.33333333333,310453,3,4.036668539772916,435644.125,3485153.0,8.0,34.06792125988942,101151321731.125,True,1.0,928000.0,2557153.0,0.2586594058187115,0.2586594058187115
2021-11-27,101672.75,406691,4,1.1343,298030.25,3576363.0,12.0,52.79494060484487,86129629963.75,True,1.0,1392000.0,2184363.0,0.18813837689650686,0.18813837689650686
2021-11-28,113677.0,1136770,10,8.169753143390087,231413.5,462827.0,2.0,0.2159700404355927,97295894162.0,False,0.026435320216538962,6132.994290237039,6101.985659623039,0.000593698150916725,0.000593698150916725
2021-11-29,101161.71428571429,708132,7,10.230626975310196,696616.25,2786465.0,4.0,16.85616285968549,106263963668.5,True,1.0,464000.0,2322465.0,0.24679433638136286,0.24679433638136286
2021-11-30,116996.71428571429,818977,7,115.74795626564503,216832.4,2168324.0,10.0,271.2545024580993,127295285358.3,True,1.0,1160000.0,1008324.0,0.1283548913136225,0.1283548913136225
2021-12-01,84431.5,506589,6,9.998592912269105,257646.42857142858,1803525.0,7.0,8.01121307683839,126601392645.57143,False,0.8012340483437389,650602.047255116,794443.5897840257,0.10057766484500472,0.10057766484500472
2021-12-02,97952.66666666667,293858,3,10.945440387704693,251624.5,1006498.0,4.0,8.020877010342899,94094129557.75,False,0.7328053258919546,340021.6712138669,397545.4236857336,0.03740669060137603,0.03740669060137603
2021-12-03,105562.5,844500,8,89.29335299717587,176970.0,707880.0,4.0,66.42455398792725,93372391360.0,False,0.7438913621042778,345165.5920163849,181420.22538999125,0.01693964028573367,0.01693964028573367
2021-12-04,108889.625,871117,8,130.04426839437647,237027.3076923077,3081355.0,13.0,165.28220560596904,99421974086.84616,True,1.0,1508000.0,1573355.0,0.15642606003940984,0.15642606003940984
2021-12-05,98464.53846153847,1280039,13,80.59706532080511,250713.64705882352,4262132.0,17.0,58.14449351714594,86510359541.17647,False,0.7214219684762725,1422644.1218352094,1652151.5355105028,0.14292822335352037,0.14292822335352037
2021-12-06,105710.45454545454,1162815,11,56.35379160247165,211180.5,1267083.0,6.0,200.46780821360483,106232657405.0,True,1.0,696000.0,571083.0,0.060667664688819616,0.060667664688819616
2021-12-07,105303.5,421214,4,201.85,230575.0,1844600.0,8.0,23.29560057389894,79774607360.75,False,0.11541045615010623,107100.90330729858,105785.22410718736,0.008438974717719816,0.008438974717719816
2021-12-08,103014.1875,1648227,16,400.2503158780537,227090.0,1589630.0,7.0,15.073192230595504,80213814957.71428,False,0.037659413703468335,30579.44392721629,29285.089878228082,0.002349068780512219,0.002349068780512219
2021-12-09,112866.15384615384,1467260,13,48.776929915547534,228772.0,915088.0,4.0,103.84764138254235,81028581583.0,True,1.0,464000.0,451088.0,0.0365510208091123,0.0365510208091123
2021-12-10,97386.25,1168635,12,233.04679042034334,187827.2,1878272.0,10.0,268.0027606567653,334752409464.6,True,1.0,1160000.0,718272.0,0.24044328265095713,0.24044328265095713
2021-12-11,92977.27272727272,1022750,11,24.940584560952104,286756.7,2867567.0,10.0,24.421952151910045,86681596244.4,False,0.9792052825476253,1135878.1277552452,1672058.6267040009,0.14493671077692213,0.14493671077692213
2021-12-12,98682.4,493412,5,9.17,231203.27272727274,2543236.0,11.0,14.260331174049762,49933173985.27273,True,1.0,1276000.0,1267236.0,0.06327711566840107,0.06327711566840107
2021-12-13,115073.875,920591,8,5.451345252386208,221056.0,2431616.0,11.0,24.084049360343304,75550179963.36363,True,1.0,1276000.0,1155616.0,0.08730699676854242,0.08730699676854242
2021-12-14,110307.5,1103075,10,27.190097889785843,262937.85714285716,1840565.0,7.0,14.087401206046344,67058209666.71429,False,0.518107778175318,420703.51587835816,532907.5268588959,0.03573582466907402,0.03573582466907402
2021-12-15,103568.5,414274,4,1.5944484013369657,275004.45454545453,3025049.0,11.0,38.04425540760007,277492011619.36365,True,1.0,1276000.0,1749049.0,0.48534712543083636,0.48534712543083636
2021-12-16,120416.0,481664,4,26.513,241873.0,2418730.0,10.0,28.30461045912252,66207097808.2,True,1.0,1160000.0,1258730.0,0.08333686022411557,0.08333686022411557
2021-12-17,86721.0,86721,1,0.2001942837824795,176070.83333333334,1056425.0,6.0,8.298848401817006,73513137180.5,True,1.0,696000.0,360425.0,0.026495972468281715,0.026495972468281715
2021-12-18,89725.0,269175,3,1.1067611608029,196080.36363636365,2156884.0,11.0,108.3029762223907,51154717734.63636,True,1.0,1276000.0,880884.0,0.04506137237695742,0.04506137237695742
2021-12-19,109847.14285714286,768930,7,452.1210025214611,235754.36363636365,2593298.0,11.0,42.88023604385506,41769574539.0,False,0.09484238910538033,121018.8884984653,124935.68948373929,0.005218510594472406,0.005218510594472406
2021-12-20,104240.11111111111,938161,9,148.1707075224253,282286.1666666667,1693717.0,6.0,6.689270969825077,46556783528.833336,False,0.045145704449124475,31421.410296590635,45042.63680586712,0.0020970402913386165,0.0020970402913386165
2021-12-21,99496.75,1193961,12,10.068397139913827,239114.0909090909,2630255.0,11.0,43.44327927071549,52177658787.90909,True,1.0,1276000.0,1354255.0,0.07066185530181983,0.07066185530181983
2021-12-22,111208.7,1112087,10,35.045575211999996,200944.0,1406608.0,7.0,20.93686588289993,59383168483.42857,False,0.5974182405695231,485103.61134245276,355229.665188563,0.021094663058204358,0.021094663058204358
2021-12-23,109184.33333333333,327553,3,6.3733685,250764.75,2006118.0,8.0,14.44444913563814,66578328337.0,True,1.0,928000.0,1078118.0,0.07177929419002976,0.07177929419002976
2021-12-24,97168.83333333333,1166026,12,363.0154757794998,277851.6666666667,1667110.0,6.0,5.860681510262662,69503994333.0,False,0.016144439841519358,11236.530129697472,15678.026974497865,0.0010896854979881208,0.0010896854979881208
2021-12-25,113677.0,568385,5,3.627,301225.0,2108575.0,7.0,15.390323360808107,56123475151.0,True,1.0,812000.0,1296575.0,0.07276829479390783,0.07276829479390783
2021-12-26,107889.7,1078897,10,34.79424872034579,233990.0,1403940.0,6.0,12.413329287156573,51729825190.833336,False,0.35676382573818677,248307.62271377802,252567.3827930919,0.013065266560792932,0.013065266560792932
2021-12-27,113677.0,568385,5,0.8270000000000001,258717.7142857143,1811024.0,7.0,10.606212825025812,68669213684.57143,True,1.0,812000.0,999024.0,0.06860219253201529,0.06860219253201529
2021-12-28,97952.66666666667,293858,3,1.1634067065803877,163612.5,327225.0,2.0,2.1017405629131756,74266630845.5,True,1.0,232000.0,95225.0,0.007072039922262737,0.007072039922262737
2021-12-29,116141.0,464564,4,1.0516469498705,290219.75,1160879.0,4.0,34.17730784257951,81193889855.75,True,1.0,464000.0,696879.0,0.0565823167687852,0.0565823167687852
2021-12-30,95144.75,380579,4,5.3848168617784,169716.5,339433.0,2.0,1.5,109797853886.0,False,0.27856100560207486,64626.15329968137,29926.644514847714,0.0032858813417395126,0.0032858813417395126
2021-12-31,107334.85714285714,751344,7,11.713304180274433,290705.77777777775,2616352.0,9.0,10.393387743588258,72220668549.77777,False,0.8873147647861007,926356.6144366892,1395171.145040955,0.10076019283621673,0.10076019283621673
2022-01-01,108552.41666666667,1302629,12,30.848531251337885,196899.2142857143,2756589.0,14.0,41.364463782196005,75333561546.71428,True,1.0,1624000.0,1132589.0,0.08532196313863158,0.08532196313863158
2022-01-02,100854.0,907686,9,14.556940449479914,236226.66666666666,1417360.0,6.0,51.29560206532304,63432645006.0,True,1.0,696000.0,721360.0,0.045757772801528165,0.045757772801528165
2022-01-03,96267.55555555556,866408,9,22.908123309364765,222735.85714285713,1559151.0,7.0,23.999595130151857,90084661355.0,True,1.0,812000.0,747151.0,0.06730684481604961,0.06730684481604961
2022-01-04,120416.0,722496,6,21.7895,205883.0,823532.0,4.0,71.36871280673769,105076553605.25,True,1.0,464000.0,359532.0,0.03777838347080274,0.03777838347080274
2022-01-05,92371.16666666667,554227,6,19.800670039693628,209034.6,1045173.0,5.0,10.54388668945299,124276926068.2,False,0.5325015097123518,308850.875633164,247705.3247774238,0.030784056334063364,0.030784056334063364
2022-01-06,99076.72727272728,1089844,11,9.275829930421079,282336.1666666667,1694017.0,6.0,4.608848504467575,130737187601.83333,False,0.49686643017810866,345819.03540396364,495881.1440470654,0.06483010615749292,0.06483010615749292
2022-01-07,125265.22222222222,1127387,9,330.622863485003,237452.5,949810.0,4.0,141.39134475898263,363677601268.25,False,0.42765144330496707,198430.26969350473,207757.34767198603,0.07555669384720172,0.07555669384720172
2022-01-08,107041.0,535205,5,4.46,161133.0,322266.0,2.0,6.565383002611657,92235775675.0,True,1.0,232000.0,90266.0,0.00832575452707955,0.00832575452707955
2022-01-09,91176.0,547056,6,4.80809923584383,216607.375,1732859.0,8.0,12.621277780374744,116578857453.875,True,1.0,928000.0,804859.0,0.09382954263146838,0.09382954263146838
2022-01-10,104458.875,835671,8,151.9758699156542,,0.0,0.0,0.0,,False,0.0,0.0,0.0,,
2022-01-11,86824.0,86824,1,0.4833867999467463,325986.0,651972.0,2.0,1.5668901454926396,157975193942.5,True,1.0,232000.0,419972.0,0.06634515815041961,0.06634515815041961
2022-01-12,103911.71428571429,727382,7,9.186712614110215,298002.75,1192011.0,4.0,2.8982103844724554,118860225546.0,False,0.3154785075154072,146382.02748714894,229671.8237347991,0.027298844770679377,0.027298844770679377
2022-01-13,109287.33333333333,655724,6,11.948995089759505,205222.8,1026114.0,5.0,41.853263533721226,138876758325.6,True,1.0,580000.0,446114.0,0.061954866163666716,0.061954866163666716
2022-01-14,110346.3,1103463,10,165.97866937346532,297977.0,1787862.0,6.0,34.92538016890839,711003999028.0,False,0.21042089505081815,146452.94295536942,229750.57931197644,0.16335358066981492,0.16335358066981492
2022-01-15,111104.6,1111046,10,246.06595862542898,256293.42857142858,1794054.0,7.0,18.141607791183116,117083870721.71428,False,0.07372660522619859,59866.00344367326,72403.50756880923,0.008477282919985122,0.008477282919985122
2022-01-16,105242.0,947178,9,361.8732160119191,282150.8333333333,3385810.0,12.0,86.19354375062626,1386876580614.6667,False,0.23818713277687642,331556.488825412,474899.8872018639,0.658627531696812,0.658627531696812
2022-01-17,114032.54545454546,1254358,11,468.0384423335094,288024.44444444444,2592220.0,9.0,57.88482414843626,131728835592.66667,False,0.12367536277541356,129117.07873753176,191476.6701561508,0.02522299880283085,0.02522299880283085
2022-01-18,97316.6,973166,10,921.9926360153001,224225.0,2690700.0,12.0,52.84283541321696,112634621487.58333,False,0.057313728276176874,79780.70976043821,74433.3389122709,0.00838377095444064,0.00838377095444064
2022-01-19,103364.25,826914,8,265.02279694235426,245842.25,983369.0,4.0,4.70912295002069,78567177953.75,False,0.017768746705382418,8244.698471297443,9228.536207627762,0.0007250600464773155,0.0007250600464773155
2022-01-20,103975.5,831804,8,11.954315205689973,242209.375,1937675.0,8.0,37.47896890446026,131646790763.5,True,1.0,928000.0,1009675.0,0.13292047346413688,0.13292047346413688
2022-01-21,93191.5,372766,4,772.265485648594,225497.5,1803980.0,8.0,210.84779359440031,224318833575.0,False,0.27302501213985747,253367.21126578774,239164.4501342723,0.05364909048672621,0.05364909048672621
2022-01-22,99813.42857142857,698694,7,82.50320187549688,306969.5333333333,4604543.0,15.0,278.89020444777356,142379187521.73334,True,1.0,1740000.0,2864543.0,0.4078513049610686,0.4078513049610686
2022-01-23,103643.44444444444,932791,9,28.748411965463248,262602.8333333333,1575617.0,6.0,37.29060636917329,129702294215.0,True,1.0,696000.0,879617.0,0.11408834293051566,0.11408834293051566
2022-01-24,115168.2,575841,5,47.4556439190088,229182.41176470587,3896101.0,17.0,61.57090236223056,147966573310.35294,True,1.0,1972000.0,1924101.0,0.2847026316730234,0.2847026316730234
2022-01-25,102407.66666666667,614446,6,9.070997238662585,217384.2,2173842.0,10.0,41.98258835242393,89593628352.9,True,1.0,1160000.0,1013842.0,0.09083378335656082,0.09083378335656082
2022-01-26,99057.0,891513,9,18.77556167975415,269069.5,1076278.0,4.0,6.620323555150117,2614284800907.75,False,0.3526032226396118,163607.89530477987,215891.19595133624,0.5644010722253751,0.5644010722253751
2022-01-27,106759.66666666667,320279,3,15.133527935187326,282175.2,1410876.0,5.0,26.04908471071485,166352325026.4,True,1.0,580000.0,830876.0,0.13821815440863514,0.13821815440863514
2022-01-28,104995.0,734965,7,39.173569080455714,235335.2857142857,1647347.0,7.0,14.919063377815805,120557382288.85715,False,0.38084513941465575,309246.2532047005,318137.84467461443,0.03835386576099055,0.03835386576099055
2022-01-29,117853.28571428571,824973,7,291.5123227044445,286267.0,2576403.0,9.0,233.35886403298426,98255766529.11111,False,0.8005111477554234,835733.6382566621,1226705.684353854,0.12053090732180576,0.12053090732180576
2022-01-30,99076.72727272728,1089844,11,14.29663141023513,261617.0,2092936.0,8.0,20.31335420316242,80745684405.375,True,1.0,928000.0,1164936.0,0.09406355460845994,0.09406355460845994
2022-01-31,94685.44444444444,852169,9,54.06993369422597,352017.22222222225,6336310.0,18.0,138.70420064272315,122678806850.27777,True,1.0,2088000.0,4248310.0,0.5211776019301035,0.5211776019301035
2022-02-01,107908.5,863268,8,2555.06,269938.625,2159509.0,8.0,1193.7984030664595,110877740709.375,False,0.467229107365956,433588.6116356072,575396.8507831411,0.06379870282612406,0.06379870282612406
2022-02-02,97691.6,976916,10,458.035003254032,314052.28571428574,2198366.0,7.0,15.808764746182693,255318491323.42856,False,0.03451431579218183,28025.624423251647,47849.47392754395,0.01221685549380025,0.01221685549380025
2022-02-03,103671.5,414686,4,9.180749536670437,266854.5,3202254.0,12.0,22.066252211065606,107154166082.08333,True,1.0,1392000.0,1810254.0,0.19397625776675567,0.19397625776675567
2022-02-04,86824.0,347296,4,7.271229606981448,218291.2857142857,3056078.0,14.0,90.41394336200092,84224772689.14285,True,1.0,1624000.0,1432078.0,0.12061644402312231,0.12061644402312231
2022-02-05,112095.25,448381,4,38.65,257023.7857142857,3598333.0,14.0,13.704596608312508,74073563992.07143,False,0.35458205972348017,575841.2649909318,700063.0617200378,0.05185616600080467,0.05185616600080467
2022-02-06,103671.5,622029,6,6.902252567372871,236136.11111111112,2125225.0,9.0,33.47542511434796,49621404412.666664,True,1.0,1044000.0,1081225.0,0.05365190298608551,0.05365190298608551
2022-02-07,86824.0,173648,2,0.6472977704374326,197255.16666666666,1183531.0,6.0,45.22397035482898,107270870109.83333,True,1.0,696000.0,487531.0,0.052297874575517156,0.052297874575517156
2022-02-08,102912.42857142857,720387,7,2388.1164289742283,216040.2857142857,1512282.0,7.0,74.11016493277035,77443412672.71428,False,0.031032894390581708,25198.710245152346,21731.777349625343,0.0016829830013985806,0.0016829830013985806
2022-02-09,96191.71428571429,673342,7,66.5084262145357,228853.5,3203949.0,14.0,297.4789617101774,89437207884.07143,True,1.0,1624000.0,1579949.0,0.14130622715923077,0.14130622715923077
2022-02-10,93352.0,373408,4,40.247831249590185,192914.16666666666,1157485.0,6.0,14.555553918708961,80460745455.5,False,0.36164815511288373,251707.1159585671,166895.19886226914,0.01342851211340209,0.01342851211340209
2022-02-11,98721.2,987212,10,283.64961602097685,236432.85714285713,1655030.0,7.0,17.739156252180393,72477640507.0,False,0.06253897502497772,50781.64772028191,52722.23211530698,0.0038211829859798293,0.0038211829859798293
2022-02-12,110444.16666666667,662665,6,85.8374953508888,212082.85714285713,1484580.0,7.0,109.17785164550722,58805206696.85714,True,1.0,812000.0,672580.0,0.039551205920172174,0.039551205920172174
2022-02-13,95087.25,380349,4,56.50100716560826,183992.75,2207913.0,12.0,59.492867025863276,40708312842.833336,True,1.0,1392000.0,815913.0,0.03321444165653467,0.03321444165653467
2022-02-14,97370.57142857143,681594,7,208.9765828865582,249339.54545454544,2742735.0,11.0,660.6973686998876,51136026491.72727,True,1.0,1276000.0,1466735.0,0.0750029998163436,0.0750029998163436
2022-02-15,120519.0,120519,1,0.0705462792782332,220267.0,1762136.0,8.0,43.780502603024026,70801015275.5,True,1.0,928000.0,834136.0,0.059057675677844465,0.059057675677844465
2022-02-16,101775.75,407103,4,5.523569962760576,182515.0,1095090.0,6.0,383.6809037101546,116037426639.66667,True,1.0,696000.0,399090.0,0.046309376597624574,0.046309376597624574
2022-02-17,91176.0,547056,6,16.54964109123542,256923.16666666666,1541539.0,6.0,19.227335272654184,47358331982.333336,True,1.0,696000.0,845539.0,0.040043316666010145,0.040043316666010145
2022-02-18,110199.5,440798,4,0.1683879533375309,371561.3333333333,1114684.0,3.0,2.643690824607912,103318190012.0,True,1.0,348000.0,766684.0,0.0792124031911602,0.0792124031911602
2022-02-19,84928.25,339713,4,11.994065667669123,225309.0,901236.0,4.0,5.1487717019820565,55930247377.5,False,0.42927659766453885,199184.34131634602,187695.18245645234,0.010497837986354378,0.010497837986354378
2022-02-20,109287.33333333333,327862,3,3.0578751735334704,274437.5,4391000.0,16.0,91.77397715552137,46041164798.375,True,1.0,1856000.0,2535000.0,0.11671435276388063,0.11671435276388063
2022-02-21,103587.33333333333,310762,3,11.75,233563.75,934255.0,4.0,18.13630802179339,86095108121.75,True,1.0,464000.0,470255.0,0.04048665506979355,0.04048665506979355
2022-02-22,101690.2,508451,5,154.69280893661747,319471.6,1597358.0,5.0,54.27352113012493,59323121223.0,False,0.35084708528605557,203491.30946591223,356937.0889924509,0.021174622199283906,0.021174622199283906
2022-02-23,99880.0,199760,2,26.0,298673.375,2389387.0,8.0,28.200210734843225,201984418464.375,True,1.0,928000.0,1461387.0,0.2951774033463976,0.2951774033463976
2022-02-24,99236.0,396944,4,58.38510537823669,249906.9,2499069.0,10.0,43.525795174182186,60182097221.1,False,0.7454948465402038,864774.0219866364,998269.0386617441,0.06007792433755512,0.06007792433755512
2022-02-25,105986.57142857143,741906,7,75.59971173580045,253067.66666666666,1518406.0,6.0,4.416538161232917,48877844042.666664,False,0.058420039704218246,40660.3476341359,48044.991172987306,0.00234833558558457,0.00234833558558457
2022-02-26,90554.28571428571,633880,7,4.685459576544709,222141.44444444444,1999273.0,9.0,44.77135006238488,42543641456.333336,True,1.0,1044000.0,955273.0,0.04064079200491592,0.04064079200491592
2022-02-27,110776.18181818182,1218538,11,353.486939550466,340641.0,1362564.0,4.0,2.7622326794630028,26072924311.25,False,0.007814242537435104,3625.808537369888,7021.597031407837,0.0001830735679439942,0.0001830735679439942
2022-02-28,103671.5,622029,6,12.484158694960346,333690.6923076923,4337979.0,13.0,39.55809311310688,52394565044.15385,True,1.0,1508000.0,2829979.0,0.14827551878908946,0.14827551878908946
2022-03-01,102959.18181818182,1132551,11,14.65077042744712,255634.6,2556346.0,10.0,45.74362411852157,50865085278.2,True,1.0,1160000.0,1396346.0,0.07102525836787345,0.07102525836787345
2022-03-02,97241.875,777935,8,60.107875821606456,313002.7894736842,5947053.0,19.0,16.431176998996275,45360062972.26316,False,0.2733614651058739,602488.6690933461,1023206.4520489365,0.04641270909856572,0.04641270909856572
2022-03-03,100302.0,501510,5,7.386835950887245,244562.16666666666,1467373.0,6.0,23.858774346599755,43397485209.166664,True,1.0,696000.0,771373.0,0.033475648358250516,0.033475648358250516
2022-03-04,89828.0,269484,3,0.6918587028444922,300127.625,2401021.0,8.0,68.87340758109808,51447581860.875,True,1.0,928000.0,1473021.0,0.07578336848028795,0.07578336848028795
2022-03-05,93493.69230769231,1215418,13,846.1989346236,233219.375,1865755.0,8.0,4.75613343663211,30463916823.25,False,0.005620585469949449,5215.903316113089,5270.732127372446,0.00016056714512590573,0.00016056714512590573
2022-03-06,92355.66666666667,277067,3,15.054055158147902,285528.53846153844,3711871.0,13.0,89.39065861986157,23136415434.23077,True,1.0,1508000.0,2203871.0,0.050989675019453604,0.050989675019453604
2022-03-07,98055.66666666667,294167,3,0.6878442513948947,269021.75,4304348.0,16.0,42.70398331396886,33683609275.8125,True,1.0,1856000.0,2448348.0,0.08246919740321698,0.08246919740321698
2022-03-08,95098.66666666667,570592,6,42.67156254126374,237749.125,1901993.0,8.0,28.874418169445775,28896720505.125,False,0.6766665303508392,627946.5401655788,659068.4638960048,0.01904491719494492,0.01904491719494492
2022-03-09,101451.66666666667,1521775,15,122.06166317257437,287004.0,1722024.0,6.0,6.730893348169986,28816410245.166668,False,0.055143385508795266,38379.7963141215,56578.436973276155,0.0016303874508522317,0.0016303874508522317
2022-03-10,95528.0,286584,3,1.6232685017206832,252246.06666666668,3783691.0,15.0,7.783317975842766,28187835634.333332,True,1.0,1740000.0,2043691.0,0.05760722599536632,0.05760722599536632
2022-03-11,91176.0,547056,6,29.438924946069616,291432.8,1457164.0,5.0,2.7339270842487338,25107222691.2,False,0.09286776229964674,53863.302133795114,81460.25784980736,0.0020452408343176864,0.0020452408343176864
2022-03-12,100273.14285714286,701912,7,435.05338035799383,248680.96666666667,7460429.0,30.0,156.7955988093548,35641363397.86667,False,0.3604054258360937,1254210.881909606,1434568.2087553367,0.05112996684727561,0.05112996684727561
2022-03-13,120519.0,361557,3,5.171920047249304,293895.75,3526749.0,12.0,21.84166324844666,20630189956.75,True,1.0,1392000.0,2134749.0,0.044040277379982104,0.044040277379982104
2022-03-14,97627.0,390508,4,2.5900982396610455,271248.0,1627488.0,6.0,10.96920533330174,21312604704.333332,True,1.0,696000.0,931488.0,0.019852435530830048,0.019852435530830048
2022-03-15,103635.42857142857,725448,7,7.757082262905319,262720.94444444444,4728977.0,18.0,40.21946314680455,22874089081.555557,True,1.0,2088000.0,2640977.0,0.060409943160339354,0.060409943160339354
2022-03-16,114819.0,344457,3,5.0,193216.5,772866.0,4.0,1.550683201269044,29108280363.0,False,0.31013664025380877,143903.40107776728,95790.6635286329,0.0027883014901492454,0.0027883014901492454
2022-03-17,91784.11111111111,826057,9,49.75118211587895,201209.9090909091,2213309.0,11.0,292.36721289330376,46941709292.27273,True,1.0,1276000.0,937309.0,0.04399888659503086,0.04399888659503086
2022-03-18,116660.66666666667,699964,6,46.5974,237811.2,1189056.0,5.0,10.908631931212012,52091348953.2,False,0.23410387556413045,135780.24782719565,142582.37003558702,0.007427307992098051,0.007427307992098051
2022-03-19,101775.75,407103,4,20.862343702407195,271059.7,2710597.0,10.0,17.374781188516444,26364977532.0,False,0.8328297834778583,966082.5488343156,1291383.3637714167,0.03404729337103198,0.03404729337103198
2022-03-20,100181.42857142857,701270,7,2.7356299418717027,219235.2142857143,3069293.0,14.0,6.718041324203547,18401383324.5,True,1.0,1624000.0,1445293.0,0.02659539050921658,0.02659539050921658
2022-03-21,99206.63636363637,1091273,11,45.55323060409681,364765.5,4377186.0,12.0,16.21903417145147,34661660422.833336,False,0.35604575035327607,495615.6844917603,1062862.7893140947,0.036840589079270604,0.036840589079270604
2022-03-22,109287.33333333333,655724,6,5.079235435106266,233811.4,2338114.0,10.0,49.23394540790312,35041201036.0,True,1.0,1160000.0,1178114.0,0.041282529517326104,0.041282529517326104
2022-03-23,106640.58333333333,1279687,12,13.080035367286344,296401.8,1482009.0,5.0,2.9381725746815843,25461908297.0,False,0.22463032340341094,130285.58757397835,202618.5733827873,0.005159055534741495,0.005159055534741495
2022-03-24,111147.375,889179,8,17.028511871166117,217482.4,1087412.0,5.0,7.7704874516041755,48895288510.2,False,0.45632216780855145,264666.85732895986,231543.3438120727,0.011321378598307726,0.011321378598307726
2022-03-25,95247.75,380991,4,16.24601235614037,381945.75,4583349.0,12.0,10.398877044951805,89757263278.75,False,0.6400879684805502,891002.4521249258,2042744.0981224352,0.18335111982628813,0.18335111982628813
2022-03-26,110454.57894736843,2098637,19,235.26558867815694,328366.0,3283660.0,10.0,5.137765359808748,23563421549.9,False,0.02183815061384606,25332.25471206143,46376.80693260033,0.0010927962518911866,0.0010927962518911866
2022-03-27,99638.25,797106,8,527.6391637945832,212709.83333333334,1276259.0,6.0,9.339708291668046,23147881190.166668,False,0.01770093831644407,12319.853068245075,10271.128766561518,0.00023775486837726914,0.00023775486837726914
2022-03-28,103671.5,1036715,10,60.28886919273893,311066.61904761905,6532399.0,21.0,86.75296108366531,41509257370.28571,True,1.0,2436000.0,4096399.0,0.170038480382381,0.170038480382381
2022-03-29,107602.22222222222,968420,9,12.254501130128308,290859.6,4362894.0,15.0,50.99319042896254,43757035619.8,True,1.0,1740000.0,2622894.0,0.1147700661849597,0.1147700661849597
2022-03-30,109502.22222222222,985520,9,7006.50142536058,243039.54545454544,2673435.0,11.0,13.095959700487393,36526854244.72727,False,0.0018691153980338238,2384.991247891159,2611.9672762513965,9.540694799163205e-05,9.540694799163205e-05
2022-03-31,95644.14285714286,669509,7,35.592480957533546,200738.8,1003694.0,5.0,54.55535120247505,62910137744.8,True,1.0,580000.0,423694.0,0.026654647901645293,0.026654647901645293
2022-04-01,97563.875,780511,8,6006.407115964608,260731.7142857143,1825122.0,7.0,6.440354322575805,59929170528.42857,False,0.0010722473848730294,870.6648765168999,1086.3174150573332,6.510210161497264e-05,6.510210161497264e-05
2022-04-02,106437.33333333333,638624,6,2.708525902164081,245164.55555555556,2206481.0,9.0,128.91886542519222,50262388786.666664,True,1.0,1044000.0,1162481.0,0.058429071979113054,0.058429071979113054
2022-04-03,97833.7,978337,10,4.32967339141483,263543.1,2635431.0,10.0,19.189992463545597,47067777738.5,True,1.0,1160000.0,1475431.0,0.06944525837649279,0.06944525837649279
2022-04-04,98885.0,494425,5,1.888931270235989,260988.7,2609887.0,10.0,161.82868625500197,65853997104.8,True,1.0,1160000.0,1449887.0,0.09548085430028716,0.09548085430028716
2022-04-05,99880.0,199760,2,2.105867998848039,205975.25,823901.0,4.0,2.1389936792424846,73895320485.5,True,1.0,464000.0,359901.0,0.026594999738051937,0.026594999738051937
2022-04-06,94064.72727272728,1034712,11,1415.3371060620618,405053.5714285714,2835375.0,7.0,6.396308543494926,56635121509.42857,False,0.004519282732077577,3669.6575784469924,9144.203698017467,0.0005178830875441853,0.0005178830875441853
2022-04-07,114775.625,918205,8,3.1584758018599146,200238.33333333334,1201430.0,6.0,11.87377643115667,51585706420.833336,True,1.0,696000.0,505430.0,0.026072963596281792,0.026072963596281792
2022-04-08,105261.61538461539,1368401,13,35.771925794150306,219606.41666666666,2635277.0,12.0,48.66341655486816,52127282904.583336,True,1.0,1392000.0,1243277.0,0.06480865190776165,0.06480865190776165
2022-04-09,100302.0,501510,5,0.3996945343848072,320488.6,3204886.0,10.0,4.618950368946099,30458292877.9,True,1.0,1160000.0,2044886.0,0.06228373668991742,0.06228373668991742
2022-04-10,104995.0,734965,7,1.1019037979732198,272171.4285714286,3810400.0,14.0,50.31761164407742,25440789119.714287,True,1.0,1624000.0,2186400.0,0.05562374133134332,0.05562374133134332
2022-04-11,94978.85714285714,664852,7,0.62539,343768.73333333334,5156531.0,15.0,245.00047733622077,38424252609.2,True,1.0,1740000.0,3416531.0,0.13127765019116266,0.13127765019116266
2022-04-12,94978.85714285714,664852,7,13.01163159699373,361269.5,722539.0,2.0,2.1225004528757836,55392954406.0,False,0.16312331294148968,37844.60860242561,80018.34680700541,0.004432452636323947,0.004432452636323947
2022-04-13,85106.33333333333,765957,9,3.3804414552017032,248110.66666666666,1488664.0,6.0,30.295506159031937,49348603558.5,True,1.0,696000.0,792664.0,0.03911686149109484,0.03911686149109484
2022-04-14,103331.125,826649,8,0.6634696230517904,195914.11111111112,1763227.0,9.0,7.708518691907252,54834219096.0,True,1.0,1044000.0,719227.0,0.03943825089775879,0.03943825089775879
2022-04-15,110907.33333333333,998166,9,77.30713539629599,217545.4,2175454.0,10.0,63.52837532648037,39783519828.8,False,0.8217659987117334,953248.5585056107,834465.5704558246,0.033197977568680204,0.033197977568680204
2022-04-16,114144.71428571429,1598026,14,9.49859216860525,239228.76923076922,3109974.0,13.0,257.33065118016793,28388788918.153847,True,1.0,1508000.0,1601974.0,0.04547810173837059,0.04547810173837059
2022-04-17,110813.07142857143,1551383,14,23.810872435930158,277748.3333333333,3332980.0,12.0,75.99712953504192,21694902970.583332,True,1.0,1392000.0,1940980.0,0.04210937276784284,0.04210937276784284
2022-04-18,116928.16666666667,701569,6,2.900443742074507,186737.0,1120422.0,6.0,8.509240298726407,25034954361.333332,True,1.0,696000.0,424422.0,0.010625385399945815,0.010625385399945815
2022-04-19,122341.5,489366,4,15.256127960445184,214276.0,857104.0,4.0,151.54312166513088,39992041405.0,True,1.0,464000.0,393104.0,0.01572103144447112,0.01572103144447112
2022-04-20,99675.66666666667,598054,6,55.19495316663188,239195.5,956782.0,4.0,13.539327663359089,52686476881.75,False,0.24530010239313493,113819.24751041461,120879.47505749382,0.006368713668094724,0.006368713668094724
2022-04-21,121734.0,243468,2,1.5538572411711915,204084.25,816337.0,4.0,10.549421235788,64228310731.5,True,1.0,464000.0,352337.0,0.022630010318204517,0.022630010318204517
2022-04-22,121560.42857142857,850923,7,34.03610217893641,305067.77777777775,2745610.0,9.0,23.769705097306154,51818323841.44444,False,0.6983674268088277,729095.5935884161,1188348.997132169,0.06157825317005047,0.06157825317005047
2022-04-23,115235.6,1152356,10,53.305492291333145,258067.77777777778,2322610.0,9.0,61.86142490185227,32842149415.88889,True,1.0,1044000.0,1278610.0,0.04199230066464969,0.04199230066464969
2022-04-24,98197.15384615384,1276563,13,113.22758362423181,296503.21428571426,4151045.0,14.0,22.816777507340397,23049684806.0,False,0.2015125358769679,327256.3582641959,509231.2462252123,0.011737619718857721,0.011737619718857721
2022-04-25,98339.35714285714,1376751,14,197.81660008810124,309468.3333333333,2785215.0,9.0,135.9606923706267,46605602686.44444,False,0.687306789774337,717548.2885244079,1196748.8919569221,0.055775203373986934,0.055775203373986934
