Date,ETH,DAI,renBTC,USDC,WETH
01/01/2020,130.802002,1,7200.174316,1,130.802002
02/01/2020,127.410179,1,6985.470215,1,127.410179
03/01/2020,134.171707,1,7344.884277,1,134.171707
04/01/2020,135.069366,1,7410.656738,1,135.069366
05/01/2020,136.276779,1,7411.317383,1,136.276779
06/01/2020,144.304153,1,7769.219238,1,144.304153
07/01/2020,143.543991,1,8163.692383,1,143.543991
08/01/2020,141.258133,1,8079.862793,1,141.258133
09/01/2020,138.979202,1,7879.071289,1,138.979202
10/01/2020,143.963776,1,8166.554199,1,143.963776
11/01/2020,142.927109,1,8037.537598,1,142.927109
12/01/2020,145.873932,1,8192.494141,1,145.873932
13/01/2020,144.226593,1,8144.194336,1,144.226593
14/01/2020,165.955353,1,8827.764648,1,165.955353
15/01/2020,166.230682,1,8807.010742,1,166.230682
16/01/2020,164.391006,1,8723.786133,1,164.391006
17/01/2020,170.779953,1,8929.038086,1,170.779953
18/01/2020,175.365677,1,8942.808594,1,175.365677
19/01/2020,166.969849,1,8706.245117,1,166.969849
20/01/2020,167.120514,1,8657.642578,1,167.120514
21/01/2020,169.697159,1,8745.894531,1,169.697159
22/01/2020,168.294159,1,8680.875977,1,168.294159
23/01/2020,162.928558,1,8406.515625,1,162.928558
24/01/2020,163.051178,1,8445.43457,1,163.051178
25/01/2020,161.283936,1,8367.847656,1,161.283936
26/01/2020,168.077103,1,8596.830078,1,168.077103
27/01/2020,170.930893,1,8909.819336,1,170.930893
28/01/2020,176.370316,1,9358.589844,1,176.370316
29/01/2020,175.050339,1,9316.629883,1,175.050339
30/01/2020,184.690475,1,9508.993164,1,184.690475
31/01/2020,180.160172,1,9350.529297,1,180.160172
01/02/2020,183.67395,1,9392.875,1,183.67395
02/02/2020,188.617538,1,9344.365234,1,188.617538
03/02/2020,189.865067,1,9293.521484,1,189.865067
04/02/2020,189.250595,1,9180.962891,1,189.250595
05/02/2020,204.23024,1,9613.423828,1,204.23024
06/02/2020,212.339081,1,9729.801758,1,212.339081
07/02/2020,222.726059,1,9795.943359,1,222.726059
08/02/2020,223.146515,1,9865.119141,1,223.146515
09/02/2020,228.578568,1,10116.67383,1,228.578568
10/02/2020,223.522705,1,9856.611328,1,223.522705
11/02/2020,235.851196,1,10208.23633,1,235.851196
12/02/2020,265.406128,1,10326.05469,1,265.406128
13/02/2020,268.099243,1,10214.37988,1,268.099243
14/02/2020,284.217499,1,10312.11621,1,284.217499
15/02/2020,264.728577,1,9889.424805,1,264.728577
16/02/2020,259.894714,1,9934.433594,1,259.894714
17/02/2020,266.363434,1,9690.142578,1,266.363434
18/02/2020,281.94458,1,10141.99609,1,281.94458
19/02/2020,259.763977,1,9633.386719,1,259.763977
20/02/2020,257.949463,1,9608.475586,1,257.949463
21/02/2020,265.600616,1,9686.441406,1,265.600616
22/02/2020,262.331726,1,9663.181641,1,262.331726
23/02/2020,273.75415,1,9924.515625,1,273.75415
24/02/2020,265.216431,1,9650.174805,1,265.216431
25/02/2020,247.817596,1,9341.705078,1,247.817596
26/02/2020,225.680267,1,8820.522461,1,225.680267
27/02/2020,226.753387,1,8784.494141,1,226.753387
28/02/2020,226.760498,1,8672.455078,1,226.760498
29/02/2020,219.848511,1,8599.508789,1,219.848511
01/03/2020,218.970596,1,8562.454102,1,218.970596
02/03/2020,230.569778,1,8869.669922,1,230.569778
03/03/2020,224.47963,1,8787.786133,1,224.47963
04/03/2020,224.517975,1,8755.246094,1,224.517975
05/03/2020,229.268188,1,9078.762695,1,229.268188
06/03/2020,243.525299,1,9122.545898,1,243.525299
07/03/2020,237.853088,1,8909.954102,1,237.853088
08/03/2020,200.689056,1,8108.116211,1,200.689056
09/03/2020,201.986328,1,7923.644531,1,201.986328
10/03/2020,200.767242,1,7909.729492,1,200.767242
11/03/2020,194.86853,1,7911.430176,1,194.86853
12/03/2020,112.347122,1,4970.788086,1,112.347122
13/03/2020,133.201813,1,5563.707031,1,133.201813
14/03/2020,123.306023,1,5200.366211,1,123.306023
15/03/2020,125.214302,1,5392.314941,1,125.214302
16/03/2020,110.605873,1,5014.47998,1,110.605873
17/03/2020,113.942749,1,5225.629395,1,113.942749
18/03/2020,114.84227,1,5238.438477,1,114.84227
19/03/2020,136.593857,1,6191.192871,1,136.593857
20/03/2020,132.737167,1,6198.77832,1,132.737167
21/03/2020,132.81871,1,6185.066406,1,132.81871
22/03/2020,123.321152,1,5830.254883,1,123.321152
23/03/2020,134.911606,1,6416.314941,1,134.911606
24/03/2020,138.761444,1,6734.803711,1,138.761444
25/03/2020,136.195892,1,6681.062988,1,136.195892
26/03/2020,138.361557,1,6716.44043,1,138.361557
27/03/2020,133.937943,1,6469.79834,1,133.937943
28/03/2020,130.986496,1,6242.193848,1,130.986496
29/03/2020,125.583733,1,5922.042969,1,125.583733
30/03/2020,132.904541,1,6429.841797,1,132.904541
31/03/2020,133.593567,1,6438.644531,1,133.593567
01/04/2020,135.634552,1,6606.776367,1,135.634552
02/04/2020,142.029144,1,6793.624512,1,142.029144
03/04/2020,142.091309,1,6733.387207,1,142.091309
04/04/2020,145.219391,1,6867.527344,1,145.219391
05/04/2020,143.546646,1,6791.129395,1,143.546646
06/04/2020,169.13588,1,7271.78125,1,169.13588
07/04/2020,165.101944,1,7176.414551,1,165.101944
08/04/2020,172.641739,1,7334.098633,1,172.641739
09/04/2020,170.807144,1,7302.089355,1,170.807144
10/04/2020,158.412445,1,6865.493164,1,158.412445
11/04/2020,158.216019,1,6859.083008,1,158.216019
12/04/2020,161.142426,1,6971.091797,1,161.142426
13/04/2020,156.279556,1,6845.037598,1,156.279556
14/04/2020,157.59639,1,6842.427734,1,157.59639
15/04/2020,153.286896,1,6642.109863,1,153.286896
16/04/2020,172.157379,1,7116.804199,1,172.157379
17/04/2020,171.63858,1,7096.18457,1,171.63858
18/04/2020,186.914001,1,7257.665039,1,186.914001
19/04/2020,181.61496,1,7189.424805,1,181.61496
20/04/2020,172.297165,1,6881.958496,1,172.297165
21/04/2020,172.737701,1,6880.323242,1,172.737701
22/04/2020,182.599579,1,7117.20752,1,182.599579
23/04/2020,185.028671,1,7429.724609,1,185.028671
24/04/2020,189.236938,1,7550.900879,1,189.236938
25/04/2020,195.515305,1,7569.936035,1,195.515305
26/04/2020,197.317535,1,7679.867188,1,197.317535
27/04/2020,197.224716,1,7795.601074,1,197.224716
28/04/2020,198.41539,1,7807.058594,1,198.41539
29/04/2020,216.968231,1,8801.038086,1,216.968231
30/04/2020,207.602051,1,8658.553711,1,207.602051
01/05/2020,214.219101,1,8864.766602,1,214.219101
02/05/2020,215.325378,1,8988.59668,1,215.325378
03/05/2020,210.933151,1,8897.46875,1,210.933151
04/05/2020,208.174011,1,8912.654297,1,208.174011
05/05/2020,206.774399,1,9003.070313,1,206.774399
06/05/2020,204.055786,1,9268.761719,1,204.055786
07/05/2020,212.289413,1,9951.518555,1,212.289413
08/05/2020,212.991577,1,9842.666016,1,212.991577
09/05/2020,211.600128,1,9593.896484,1,211.600128
10/05/2020,188.599564,1,8756.430664,1,188.599564
11/05/2020,185.912842,1,8601.795898,1,185.912842
12/05/2020,189.3125,1,8804.477539,1,189.3125
13/05/2020,199.193283,1,9269.987305,1,199.193283
14/05/2020,202.949097,1,9733.72168,1,202.949097
15/05/2020,195.622665,1,9328.197266,1,195.622665
16/05/2020,200.677124,1,9377.013672,1,200.677124
17/05/2020,207.158691,1,9670.739258,1,207.158691
18/05/2020,214.525055,1,9726.575195,1,214.525055
19/05/2020,213.451111,1,9729.038086,1,213.451111
20/05/2020,210.096741,1,9522.981445,1,210.096741
21/05/2020,199.883606,1,9081.761719,1,199.883606
22/05/2020,207.169189,1,9182.577148,1,207.169189
23/05/2020,208.694397,1,9209.287109,1,208.694397
24/05/2020,202.370346,1,8790.368164,1,202.370346
25/05/2020,205.319748,1,8906.93457,1,205.319748
26/05/2020,201.902313,1,8835.052734,1,201.902313
27/05/2020,208.863434,1,9181.017578,1,208.863434
28/05/2020,219.840424,1,9525.750977,1,219.840424
29/05/2020,220.675125,1,9439.124023,1,220.675125
30/05/2020,242.345596,1,9700.414063,1,242.345596
31/05/2020,230.975708,1,9461.058594,1,230.975708
01/06/2020,246.99176,1,10167.26856,1,246.99176
02/06/2020,237.219055,1,9529.803711,1,237.219055
03/06/2020,244.179321,1,9656.717773,1,244.179321
04/06/2020,244.426392,1,9800.636719,1,244.426392
05/06/2020,241.221985,1,9665.533203,1,241.221985
06/06/2020,241.93132,1,9653.679688,1,241.93132
07/06/2020,245.167252,1,9758.852539,1,245.167252
08/06/2020,246.309906,1,9771.489258,1,246.309906
09/06/2020,244.911453,1,9795.700195,1,244.911453
10/06/2020,247.444946,1,9870.094727,1,247.444946
11/06/2020,231.702667,1,9321.78125,1,231.702667
12/06/2020,237.49321,1,9480.84375,1,237.49321
13/06/2020,238.908844,1,9475.277344,1,238.908844
14/06/2020,234.1147,1,9386.788086,1,234.1147
15/06/2020,229.928909,1,9450.702148,1,229.928909
16/06/2020,234.416168,1,9538.024414,1,234.416168
17/06/2020,233.028275,1,9480.254883,1,233.028275
18/06/2020,232.101166,1,9411.84082,1,232.101166
19/06/2020,227.13829,1,9288.018555,1,227.13829
20/06/2020,229.274261,1,9332.34082,1,229.274261
21/06/2020,228.989822,1,9303.629883,1,228.989822
22/06/2020,242.533188,1,9648.717773,1,242.533188
23/06/2020,244.142151,1,9629.658203,1,244.142151
24/06/2020,235.772461,1,9313.610352,1,235.772461
25/06/2020,232.944489,1,9264.813477,1,232.944489
26/06/2020,229.668045,1,9162.917969,1,229.668045
27/06/2020,222.959793,1,9045.390625,1,222.959793
28/06/2020,225.347168,1,9143.582031,1,225.347168
29/06/2020,228.19487,1,9190.854492,1,228.19487
30/06/2020,226.315002,1,9137.993164,1,226.315002
01/07/2020,231.113419,1,9228.325195,1,231.113419
02/07/2020,229.392197,1,9123.410156,1,229.392197
03/07/2020,225.38707,1,9087.303711,1,225.38707
04/07/2020,229.074112,1,9132.488281,1,229.074112
05/07/2020,227.664597,1,9073.942383,1,227.664597
06/07/2020,241.510223,1,9375.474609,1,241.510223
07/07/2020,239.075531,1,9252.277344,1,239.075531
08/07/2020,246.670013,1,9428.333008,1,246.670013
09/07/2020,243.015961,1,9277.967773,1,243.015961
10/07/2020,240.984985,1,9278.807617,1,240.984985
11/07/2020,239.458176,1,9240.34668,1,239.458176
12/07/2020,242.131699,1,9276.5,1,242.131699
13/07/2020,239.604584,1,9243.614258,1,239.604584
14/07/2020,240.211487,1,9243.213867,1,240.211487
15/07/2020,238.423523,1,9192.836914,1,238.423523
16/07/2020,233.640884,1,9132.227539,1,233.640884
17/07/2020,232.773087,1,9151.392578,1,232.773087
18/07/2020,235.48381,1,9159.040039,1,235.48381
19/07/2020,238.487518,1,9185.817383,1,238.487518
20/07/2020,236.153168,1,9164.231445,1,236.153168
21/07/2020,245.016724,1,9374.887695,1,245.016724
22/07/2020,262.190643,1,9525.363281,1,262.190643
23/07/2020,274.689056,1,9581.072266,1,274.689056
24/07/2020,279.215424,1,9536.892578,1,279.215424
25/07/2020,304.056763,1,9677.113281,1,304.056763
26/07/2020,309.643616,1,9905.166992,1,309.643616
27/07/2020,321.514099,1,10990.87305,1,321.514099
28/07/2020,316.657257,1,10912.82324,1,316.657257
29/07/2020,318.190887,1,11100.46777,1,318.190887
30/07/2020,334.586639,1,11111.21387,1,334.586639
31/07/2020,345.554657,1,11323.4668,1,345.554657
01/08/2020,385.199707,1,11759.59277,1,385.199707
02/08/2020,370.671722,1,11053.61426,1,370.671722
03/08/2020,386.295166,1,11246.34863,1,386.295166
04/08/2020,389.875488,1,11205.89258,1,389.875488
05/08/2020,401.590576,1,11747.02246,1,401.590576
06/08/2020,394.961945,1,11779.77344,1,394.961945
07/08/2020,379.512848,1,11601.47266,1,379.512848
08/08/2020,393.987366,1,11754.0459,1,393.987366
09/08/2020,391.120453,1,11675.73926,1,391.120453
10/08/2020,395.887573,1,11878.11133,1,395.887573
11/08/2020,380.384064,1,11410.52539,1,380.384064
12/08/2020,391.02417,1,11584.93457,1,391.02417
13/08/2020,428.741791,1,11784.1377,1,428.741791
14/08/2020,437.397827,1,11768.87109,1,437.397827
15/08/2020,433.354919,1,11865.69824,1,433.354919
16/08/2020,433.786621,1,11892.80371,1,433.786621
17/08/2020,429.53125,1,12254.40234,1,429.53125
18/08/2020,423.669312,1,11991.2334,1,423.669312
19/08/2020,406.463776,1,11758.2832,1,406.463776
20/08/2020,416.439789,1,11878.37207,1,416.439789
21/08/2020,389.126343,1,11592.48926,1,389.126343
22/08/2020,395.835144,1,11681.8252,1,395.835144
23/08/2020,391.384491,1,11664.84766,1,391.384491
24/08/2020,408.144196,1,11774.5957,1,408.144196
25/08/2020,384.001038,1,11366.13477,1,384.001038
26/08/2020,386.466125,1,11488.36328,1,386.466125
27/08/2020,382.632629,1,11323.39746,1,382.632629
28/08/2020,395.874664,1,11542.5,1,395.874664
29/08/2020,399.921478,1,11506.86523,1,399.921478
30/08/2020,428.395721,1,11711.50586,1,428.395721
31/08/2020,435.079742,1,11680.82031,1,435.079742
01/09/2020,477.05191,1,11970.47852,1,477.05191
02/09/2020,440.040497,1,11414.03418,1,440.040497
03/09/2020,385.671936,1,10245.29688,1,385.671936
04/09/2020,388.24115,1,10511.81348,1,388.24115
05/09/2020,335.260071,1,10169.56738,1,335.260071
06/09/2020,353.362274,1,10280.35156,1,353.362274
07/09/2020,352.673492,1,10369.56348,1,352.673492
08/09/2020,337.602112,1,10131.5166,1,337.602112
09/09/2020,351.110016,1,10242.34766,1,351.110016
10/09/2020,368.101898,1,10363.13867,1,368.101898
11/09/2020,374.695587,1,10400.91504,1,374.695587
12/09/2020,387.183105,1,10442.1709,1,387.183105
13/09/2020,365.570007,1,10323.75586,1,365.570007
14/09/2020,377.26886,1,10680.83789,1,377.26886
15/09/2020,364.839203,1,10796.95117,1,364.839203
16/09/2020,365.812286,1,10974.90527,1,365.812286
17/09/2020,389.019226,1,10948.99023,1,389.019226
18/09/2020,384.364532,1,10944.58594,1,384.364532
19/09/2020,385.544373,1,11094.34668,1,385.544373
20/09/2020,371.052826,1,10938.27148,1,371.052826
21/09/2020,341.786072,1,10462.25977,1,341.786072
22/09/2020,344.503174,1,10538.45996,1,344.503174
23/09/2020,321.116302,1,10246.18652,1,321.116302
24/09/2020,349.355591,1,10760.06641,1,349.355591
25/09/2020,352.183258,1,10692.7168,1,352.183258
26/09/2020,355.488098,1,10750.72363,1,355.488098
27/09/2020,357.438507,1,10775.26953,1,357.438507
28/09/2020,355.159424,1,10709.65234,1,355.159424
29/09/2020,359.757385,1,10844.64063,1,359.757385
30/09/2020,359.937866,1,10784.49121,1,359.937866
01/10/2020,353.205902,1,10619.45215,1,353.205902
02/10/2020,346.238922,1,10575.97461,1,346.238922
03/10/2020,346.522095,1,10549.3291,1,346.522095
04/10/2020,352.57901,1,10669.58301,1,352.57901
05/10/2020,353.956787,1,10793.33984,1,353.956787
06/10/2020,340.815857,1,10604.40625,1,340.815857
07/10/2020,341.808655,1,10668.96875,1,341.808655
08/10/2020,350.766144,1,10915.68555,1,350.766144
09/10/2020,365.590485,1,11064.45801,1,365.590485
10/10/2020,370.96759,1,11296.36133,1,370.96759
11/10/2020,375.142059,1,11384.18164,1,375.142059
12/10/2020,387.731262,1,11555.36328,1,387.731262
13/10/2020,381.190765,1,11425.89941,1,381.190765
14/10/2020,379.484039,1,11429.50684,1,379.484039
15/10/2020,377.441833,1,11495.34961,1,377.441833
16/10/2020,366.229004,1,11322.12305,1,366.229004
17/10/2020,368.855927,1,11358.10156,1,368.855927
18/10/2020,378.213684,1,11483.35938,1,378.213684
19/10/2020,379.935608,1,11742.03711,1,379.935608
20/10/2020,369.136902,1,11916.33496,1,369.136902
21/10/2020,392.189972,1,12823.68945,1,392.189972
22/10/2020,413.77298,1,12965.8916,1,413.77298
23/10/2020,409.766693,1,12931.53906,1,409.766693
24/10/2020,412.457611,1,13108.0625,1,412.457611
25/10/2020,406.217773,1,13031.17383,1,406.217773
26/10/2020,393.888306,1,13075.24805,1,393.888306
27/10/2020,403.99704,1,13654.21875,1,403.99704
28/10/2020,388.650757,1,13271.28516,1,388.650757
29/10/2020,386.730103,1,13437.88281,1,386.730103
30/10/2020,382.819977,1,13546.52246,1,382.819977
31/10/2020,386.590332,1,13780.99512,1,386.590332
01/11/2020,396.358185,1,13737.10938,1,396.358185
02/11/2020,383.156738,1,13550.48926,1,383.156738
03/11/2020,387.602173,1,13950.30078,1,387.602173
04/11/2020,402.141998,1,14133.70703,1,402.141998
05/11/2020,414.067352,1,15579.84863,1,414.067352
06/11/2020,454.719299,1,15565.88086,1,454.719299
07/11/2020,435.713135,1,14833.75391,1,435.713135
08/11/2020,453.554779,1,15479.56738,1,453.554779
09/11/2020,444.163055,1,15332.31543,1,444.163055
10/11/2020,449.679626,1,15290.90234,1,449.679626
11/11/2020,462.960541,1,15701.33984,1,462.960541
12/11/2020,461.00528,1,16276.34375,1,461.00528
13/11/2020,474.626434,1,16317.80859,1,474.626434
14/11/2020,460.149841,1,16068.13867,1,460.149841
15/11/2020,447.559082,1,15955.58789,1,447.559082
16/11/2020,459.940308,1,16716.11133,1,459.940308
17/11/2020,480.360077,1,17645.40625,1,480.360077
18/11/2020,479.48407,1,17804.00586,1,479.48407
19/11/2020,471.630432,1,17817.08984,1,471.630432
20/11/2020,509.744568,1,18621.31445,1,509.744568
21/11/2020,549.486633,1,18642.23242,1,549.486633
22/11/2020,558.068115,1,18370.00195,1,558.068115
23/11/2020,608.454041,1,18364.12109,1,608.454041
24/11/2020,603.897766,1,19107.46484,1,603.897766
25/11/2020,570.686646,1,18732.12109,1,570.686646
26/11/2020,518.801147,1,17150.62305,1,518.801147
27/11/2020,517.493713,1,17108.40234,1,517.493713
28/11/2020,538.229797,1,17717.41406,1,538.229797
29/11/2020,575.758057,1,18177.48438,1,575.758057
30/11/2020,614.842529,1,19625.83594,1,614.842529
01/12/2020,587.324158,1,18802.99805,1,587.324158
02/12/2020,598.352356,1,19201.0918,1,598.352356
03/12/2020,616.70874,1,19445.39844,1,616.70874
04/12/2020,569.354187,1,18699.76563,1,569.354187
05/12/2020,596.595459,1,19154.23047,1,596.595459
06/12/2020,601.908997,1,19345.12109,1,601.908997
07/12/2020,591.843384,1,19191.63086,1,591.843384
08/12/2020,554.827759,1,18321.14453,1,554.827759
09/12/2020,573.479126,1,18553.91602,1,573.479126
10/12/2020,559.678528,1,18264.99219,1,559.678528
11/12/2020,545.797363,1,18058.9043,1,545.797363
12/12/2020,568.567322,1,18803.65625,1,568.567322
13/12/2020,589.663208,1,19142.38281,1,589.663208
14/12/2020,586.011169,1,19246.64453,1,586.011169
15/12/2020,589.355591,1,19417.07617,1,589.355591
16/12/2020,636.181824,1,21310.59766,1,636.181824
17/12/2020,642.868958,1,22805.16211,1,642.868958
18/12/2020,654.811951,1,23137.96094,1,654.811951
19/12/2020,659.297913,1,23869.83203,1,659.297913
20/12/2020,638.290833,1,23477.29492,1,638.290833
21/12/2020,609.817871,1,22803.08203,1,609.817871
22/12/2020,634.854187,1,23783.0293,1,634.854187
23/12/2020,583.7146,1,23241.3457,1,583.7146
24/12/2020,611.607178,1,23735.94922,1,611.607178
25/12/2020,626.410706,1,24664.79102,1,626.410706
26/12/2020,635.835815,1,26437.03711,1,635.835815
27/12/2020,682.642334,1,26272.29492,1,682.642334
28/12/2020,730.397339,1,27084.80859,1,730.397339
29/12/2020,731.520142,1,27362.4375,1,731.520142
30/12/2020,751.618958,1,28840.95313,1,751.618958
31/12/2020,737.803406,1,29001.7207,1,737.803406
01/01/2021,730.367554,1,29374.15234,1,730.367554
02/01/2021,774.534973,1,32127.26758,1,774.534973
03/01/2021,975.50769,1,32782.02344,1,975.50769
04/01/2021,1040.233032,1,31971.91406,1,1040.233032
05/01/2021,1100.006104,1,33992.42969,1,1100.006104
06/01/2021,1207.112183,1,36824.36328,1,1207.112183
07/01/2021,1225.678101,1,39371.04297,1,1225.678101
08/01/2021,1224.197144,1,40797.60938,1,1224.197144
09/01/2021,1281.077271,1,40254.54688,1,1281.077271
10/01/2021,1262.246704,1,38356.44141,1,1262.246704
11/01/2021,1090.145386,1,35566.65625,1,1090.145386
12/01/2021,1043.43457,1,33922.96094,1,1043.43457
13/01/2021,1130.73938,1,37316.35938,1,1130.73938
14/01/2021,1218.453003,1,39187.32813,1,1218.453003
15/01/2021,1171.834595,1,36825.36719,1,1171.834595
16/01/2021,1233.537598,1,36178.14063,1,1233.537598
17/01/2021,1230.172241,1,35791.27734,1,1230.172241
18/01/2021,1257.279541,1,36630.07422,1,1257.279541
19/01/2021,1377.295898,1,36069.80469,1,1377.295898
20/01/2021,1382.274048,1,35547.75,1,1382.274048
21/01/2021,1121.570923,1,30825.69922,1,1121.570923
22/01/2021,1236.512207,1,33005.76172,1,1236.512207
23/01/2021,1230.990601,1,32067.64258,1,1230.990601
24/01/2021,1391.609375,1,32289.37891,1,1391.609375
25/01/2021,1324.414795,1,32366.39258,1,1324.414795
26/01/2021,1357.058105,1,32569.84961,1,1357.058105
27/01/2021,1253.187134,1,30432.54688,1,1253.187134
28/01/2021,1332.492188,1,33466.09766,1,1332.492188
29/01/2021,1382.522827,1,34316.38672,1,1382.522827
30/01/2021,1376.115479,1,34269.52344,1,1376.115479
31/01/2021,1314.986206,1,33114.35938,1,1314.986206
01/02/2021,1369.040527,1,33537.17578,1,1369.040527
02/02/2021,1515.193726,1,35510.28906,1,1515.193726
03/02/2021,1660.909546,1,37472.08984,1,1660.909546
04/02/2021,1594.762695,1,36926.06641,1,1594.762695
05/02/2021,1718.650879,1,38144.30859,1,1718.650879
06/02/2021,1677.846802,1,39266.01172,1,1677.846802
07/02/2021,1614.227783,1,38903.44141,1,1614.227783
08/02/2021,1746.616821,1,46196.46484,1,1746.616821
09/02/2021,1768.035034,1,46481.10547,1,1768.035034
10/02/2021,1744.243408,1,44918.18359,1,1744.243408
11/02/2021,1783.797974,1,47909.33203,1,1783.797974
12/02/2021,1843.532593,1,47504.85156,1,1843.532593
13/02/2021,1814.109863,1,47105.51563,1,1814.109863
14/02/2021,1805.084106,1,48717.28906,1,1805.084106
15/02/2021,1779.791016,1,47945.05859,1,1779.791016
16/02/2021,1781.067505,1,49199.87109,1,1781.067505
17/02/2021,1848.458252,1,52149.00781,1,1848.458252
18/02/2021,1937.449219,1,51679.79688,1,1937.449219
19/02/2021,1960.164795,1,55888.13281,1,1960.164795
20/02/2021,1919.534058,1,56099.51953,1,1919.534058
21/02/2021,1935.601074,1,57539.94531,1,1935.601074
22/02/2021,1781.99292,1,54207.32031,1,1781.99292
23/02/2021,1570.203979,1,48824.42578,1,1570.203979
24/02/2021,1626.575684,1,49705.33203,1,1626.575684
25/02/2021,1475.703735,1,47093.85156,1,1475.703735
26/02/2021,1446.033691,1,46339.76172,1,1446.033691
27/02/2021,1459.973145,1,46188.45313,1,1459.973145
28/02/2021,1416.04895,1,45137.76953,1,1416.04895
01/03/2021,1564.707642,1,49631.24219,1,1564.707642
02/03/2021,1492.608765,1,48378.98828,1,1492.608765
03/03/2021,1575.853149,1,50538.24219,1,1575.853149
04/03/2021,1541.914307,1,48561.16797,1,1541.914307
05/03/2021,1533.275024,1,48927.30469,1,1533.275024
06/03/2021,1654.741577,1,48912.38281,1,1654.741577
07/03/2021,1723.153809,1,51206.69141,1,1723.153809
08/03/2021,1834.727905,1,52246.52344,1,1834.727905
09/03/2021,1868.048828,1,54824.11719,1,1868.048828
10/03/2021,1799.16626,1,56008.55078,1,1799.16626
11/03/2021,1826.194946,1,57805.12109,1,1826.194946
12/03/2021,1772.102417,1,57332.08984,1,1772.102417
13/03/2021,1924.685425,1,61243.08594,1,1924.685425
14/03/2021,1854.564331,1,59302.31641,1,1854.564331
15/03/2021,1791.702271,1,55907.19922,1,1791.702271
16/03/2021,1806.971802,1,56804.90234,1,1806.971802
17/03/2021,1823.449341,1,58870.89453,1,1823.449341
18/03/2021,1782.855103,1,57858.92188,1,1782.855103
19/03/2021,1817.624146,1,58346.65234,1,1817.624146
20/03/2021,1812.634644,1,58313.64453,1,1812.634644
21/03/2021,1788.217041,1,57523.42188,1,1788.217041
22/03/2021,1691.333984,1,54529.14453,1,1691.333984
23/03/2021,1678.650146,1,54738.94531,1,1678.650146
24/03/2021,1593.413452,1,52774.26563,1,1593.413452
25/03/2021,1595.359253,1,51704.16016,1,1595.359253
26/03/2021,1702.842041,1,55137.3125,1,1702.842041
27/03/2021,1716.494629,1,55973.51172,1,1716.494629
28/03/2021,1691.355957,1,55950.74609,1,1691.355957
29/03/2021,1819.684937,1,57750.19922,1,1819.684937
30/03/2021,1846.033691,1,58917.69141,1,1846.033691
31/03/2021,1918.362061,1,58918.83203,1,1918.362061
01/04/2021,1977.276855,1,59095.80859,1,1977.276855
02/04/2021,2143.225586,1,59384.3125,1,2143.225586
03/04/2021,2028.422485,1,57603.89063,1,2028.422485
04/04/2021,2093.122803,1,58758.55469,1,2093.122803
05/04/2021,2107.887207,1,59057.87891,1,2107.887207
06/04/2021,2118.378906,1,58192.35938,1,2118.378906
07/04/2021,1971.077271,1,56048.9375,1,1971.077271
08/04/2021,2088.57373,1,58323.95313,1,2088.57373
09/04/2021,2072.108887,1,58245.00391,1,2072.108887
10/04/2021,2135.942139,1,59793.23438,1,2135.942139
11/04/2021,2157.656982,1,60204.96484,1,2157.656982
12/04/2021,2139.353271,1,59893.45313,1,2139.353271
13/04/2021,2299.187744,1,63503.45703,1,2299.187744
14/04/2021,2435.10498,1,63109.69531,1,2435.10498
15/04/2021,2519.116211,1,63314.01172,1,2519.116211
16/04/2021,2431.946533,1,61572.78906,1,2431.946533
17/04/2021,2344.89502,1,60683.82031,1,2344.89502
18/04/2021,2237.136963,1,56216.18359,1,2237.136963
19/04/2021,2166.188721,1,55724.26563,1,2166.188721
20/04/2021,2330.210938,1,56473.03125,1,2330.210938
21/04/2021,2364.751709,1,53906.08984,1,2364.751709
22/04/2021,2403.535156,1,51762.27344,1,2403.535156
23/04/2021,2363.586182,1,51093.65234,1,2363.586182
24/04/2021,2211.625732,1,50050.86719,1,2211.625732
25/04/2021,2316.05957,1,49004.25391,1,2316.05957
26/04/2021,2534.481689,1,54021.75391,1,2534.481689
27/04/2021,2662.865234,1,55033.11719,1,2662.865234
28/04/2021,2746.380127,1,54824.70313,1,2746.380127
29/04/2021,2756.876953,1,53555.10938,1,2756.876953
30/04/2021,2773.207031,1,57750.17578,1,2773.207031
01/05/2021,2945.892822,1,57828.05078,1,2945.892822
02/05/2021,2952.056152,1,56631.07813,1,2952.056152
03/05/2021,3431.086182,1,57200.29297,1,3431.086182
04/05/2021,3253.629395,1,53333.53906,1,3253.629395
05/05/2021,3522.783203,1,57424.00781,1,3522.783203
06/05/2021,3490.880371,1,56396.51563,1,3490.880371
07/05/2021,3484.729004,1,57356.40234,1,3484.729004
08/05/2021,3902.647705,1,58803.77734,1,3902.647705
09/05/2021,3928.844727,1,58232.31641,1,3928.844727
10/05/2021,3952.293945,1,55859.79688,1,3952.293945
11/05/2021,4168.701172,1,56704.57422,1,4168.701172
12/05/2021,3785.848633,1,49150.53516,1,3785.848633
13/05/2021,3715.148438,1,49716.19141,1,3715.148438
14/05/2021,4079.057373,1,49880.53516,1,4079.057373
15/05/2021,3638.12207,1,46760.1875,1,3638.12207
16/05/2021,3587.506104,1,46456.05859,1,3587.506104
17/05/2021,3282.397705,1,43537.51172,1,3282.397705
18/05/2021,3380.070068,1,42909.40234,1,3380.070068
19/05/2021,2460.679199,1,37002.44141,1,2460.679199
20/05/2021,2784.294189,1,40782.73828,1,2784.294189
21/05/2021,2430.621338,1,37304.69141,1,2430.621338
22/05/2021,2295.705566,1,37536.63281,1,2295.705566
23/05/2021,2109.579834,1,34770.58203,1,2109.579834
24/05/2021,2643.591064,1,38705.98047,1,2643.591064
25/05/2021,2706.628906,1,38402.22266,1,2706.628906
26/05/2021,2888.69873,1,39294.19922,1,2888.69873
27/05/2021,2736.488525,1,38436.96875,1,2736.488525
28/05/2021,2419.90625,1,35697.60547,1,2419.90625
29/05/2021,2279.51416,1,34616.06641,1,2279.51416
30/05/2021,2390.30542,1,35678.12891,1,2390.30542
31/05/2021,2714.945313,1,37332.85547,1,2714.945313
01/06/2021,2633.518311,1,36684.92578,1,2633.518311
02/06/2021,2706.125,1,37575.17969,1,2706.125
03/06/2021,2855.126465,1,39208.76563,1,2855.126465
04/06/2021,2688.195068,1,36894.40625,1,2688.195068
05/06/2021,2630.576904,1,35551.95703,1,2630.576904
06/06/2021,2715.092773,1,35862.37891,1,2715.092773
07/06/2021,2590.263184,1,33560.70703,1,2590.263184
08/06/2021,2517.438721,1,33472.63281,1,2517.438721
09/06/2021,2608.26709,1,37345.12109,1,2608.26709
10/06/2021,2471.518555,1,36702.59766,1,2471.518555
11/06/2021,2353.768799,1,37334.39844,1,2353.768799
12/06/2021,2372.484375,1,35552.51563,1,2372.484375
13/06/2021,2508.391602,1,39097.85938,1,2508.391602
14/06/2021,2537.891113,1,40218.47656,1,2537.891113
15/06/2021,2610.936768,1,40406.26953,1,2610.936768
16/06/2021,2367.663574,1,38347.0625,1,2367.663574
17/06/2021,2372.001953,1,38053.50391,1,2372.001953
18/06/2021,2231.733154,1,35787.24609,1,2231.733154
19/06/2021,2178.499023,1,35615.87109,1,2178.499023
20/06/2021,2246.364502,1,35698.29688,1,2246.364502
21/06/2021,1888.44751,1,31676.69336,1,1888.44751
22/06/2021,1874.950073,1,32505.66016,1,1874.950073
23/06/2021,1989.736328,1,33723.02734,1,1989.736328
24/06/2021,1988.456299,1,34662.4375,1,1988.456299
25/06/2021,1813.217285,1,31637.7793,1,1813.217285
26/06/2021,1829.239258,1,32186.27734,1,1829.239258
27/06/2021,1978.894653,1,34649.64453,1,1978.894653
28/06/2021,2079.657471,1,34434.33594,1,2079.657471
29/06/2021,2160.768311,1,35867.77734,1,2160.768311
30/06/2021,2274.547607,1,35040.83594,1,2274.547607
01/07/2021,2113.605469,1,33572.11719,1,2113.605469
02/07/2021,2150.040283,1,33897.04688,1,2150.040283
03/07/2021,2226.114258,1,34668.54688,1,2226.114258
04/07/2021,2321.724121,1,35287.78125,1,2321.724121
05/07/2021,2198.58252,1,33746.00391,1,2198.58252
06/07/2021,2324.679443,1,34235.19531,1,2324.679443
07/07/2021,2315.161865,1,33855.32813,1,2315.161865
08/07/2021,2120.026367,1,32877.37109,1,2120.026367
09/07/2021,2146.692383,1,33798.01172,1,2146.692383
10/07/2021,2111.403564,1,33520.51953,1,2111.403564
11/07/2021,2139.664795,1,34240.1875,1,2139.664795
12/07/2021,2036.721069,1,33155.84766,1,2036.721069
13/07/2021,1940.083984,1,32702.02539,1,1940.083984
14/07/2021,1994.331299,1,32822.34766,1,1994.331299
15/07/2021,1911.175659,1,31780.73047,1,1911.175659
16/07/2021,1880.382935,1,31421.53906,1,1880.382935
17/07/2021,1898.825195,1,31533.06836,1,1898.825195
18/07/2021,1895.552124,1,31796.81055,1,1895.552124
19/07/2021,1817.296631,1,30817.83203,1,1817.296631
20/07/2021,1787.510742,1,29807.34766,1,1787.510742
21/07/2021,1990.970825,1,32110.69336,1,1990.970825
22/07/2021,2025.202759,1,32313.10547,1,2025.202759
23/07/2021,2124.776611,1,33581.55078,1,2124.776611
24/07/2021,2189.21875,1,34292.44531,1,2189.21875
25/07/2021,2191.373779,1,35350.1875,1,2191.373779
26/07/2021,2233.366699,1,37337.53516,1,2233.366699
27/07/2021,2298.333496,1,39406.94141,1,2298.333496
28/07/2021,2296.54541,1,39995.90625,1,2296.54541
29/07/2021,2380.956787,1,40008.42188,1,2380.956787
30/07/2021,2466.961426,1,42235.54688,1,2466.961426
31/07/2021,2536.209961,1,41626.19531,1,2536.209961
01/08/2021,2561.852051,1,39974.89453,1,2561.852051
02/08/2021,2610.15332,1,39201.94531,1,2610.15332
03/08/2021,2502.349609,1,38152.98047,1,2502.349609
04/08/2021,2724.619873,1,39747.50391,1,2724.619873
05/08/2021,2827.328857,1,40869.55469,1,2827.328857
06/08/2021,2890.94165,1,42816.5,1,2890.94165
07/08/2021,3157.23877,1,44555.80078,1,3157.23877
08/08/2021,3013.732666,1,43798.11719,1,3013.732666
09/08/2021,3167.856201,1,46365.40234,1,3167.856201
10/08/2021,3141.691162,1,45585.03125,1,3141.691162
11/08/2021,3164.245117,1,45593.63672,1,3164.245117
12/08/2021,3043.414307,1,44428.28906,1,3043.414307
13/08/2021,3322.21167,1,47793.32031,1,3322.21167
14/08/2021,3265.443359,1,47096.94531,1,3265.443359
15/08/2021,3310.50415,1,47047.00391,1,3310.50415
16/08/2021,3156.509521,1,46004.48438,1,3156.509521
17/08/2021,3014.845947,1,44695.35938,1,3014.845947
18/08/2021,3020.089844,1,44801.1875,1,3020.089844
19/08/2021,3182.702148,1,46717.57813,1,3182.702148
20/08/2021,3286.935303,1,49339.17578,1,3286.935303
21/08/2021,3226.083984,1,48905.49219,1,3226.083984
22/08/2021,3242.115479,1,49321.65234,1,3242.115479
23/08/2021,3319.257324,1,49546.14844,1,3319.257324
24/08/2021,3172.456299,1,47706.11719,1,3172.456299
25/08/2021,3224.915283,1,48960.78906,1,3224.915283
26/08/2021,3100.325439,1,46942.21875,1,3100.325439
27/08/2021,3270.60083,1,49058.66797,1,3270.60083
28/08/2021,3244.40332,1,48902.40234,1,3244.40332
29/08/2021,3227.002686,1,48829.83203,1,3227.002686
30/08/2021,3224.374268,1,47054.98438,1,3224.374268
31/08/2021,3433.732666,1,47166.6875,1,3433.732666
01/09/2021,3834.828125,1,48847.02734,1,3834.828125
02/09/2021,3790.98999,1,49327.72266,1,3790.98999
03/09/2021,3940.614746,1,50025.375,1,3940.614746
04/09/2021,3887.828369,1,49944.625,1,3887.828369
05/09/2021,3952.133545,1,51753.41016,1,3952.133545
06/09/2021,3928.379395,1,52633.53516,1,3928.379395
07/09/2021,3426.394287,1,46811.12891,1,3426.394287
08/09/2021,3497.315186,1,46091.39063,1,3497.315186
09/09/2021,3427.340088,1,46391.42188,1,3427.340088
10/09/2021,3211.505859,1,44883.91016,1,3211.505859
11/09/2021,3270.278076,1,45201.45703,1,3270.278076
12/09/2021,3410.134521,1,46063.26953,1,3410.134521
13/09/2021,3285.511719,1,44963.07422,1,3285.511719
14/09/2021,3429.169678,1,47092.49219,1,3429.169678
15/09/2021,3615.282715,1,48176.34766,1,3615.282715
16/09/2021,3571.294922,1,47783.35938,1,3571.294922
17/09/2021,3398.538818,1,47267.51953,1,3398.538818
18/09/2021,3432.018311,1,48278.36328,1,3432.018311
19/09/2021,3329.447998,1,47260.21875,1,3329.447998
20/09/2021,2958.993408,1,42843.80078,1,2958.993408
21/09/2021,2764.431152,1,40693.67578,1,2764.431152
22/09/2021,3077.86792,1,43574.50781,1,3077.86792
23/09/2021,3155.523682,1,44895.09766,1,3155.523682
24/09/2021,2931.669189,1,42839.75,1,2931.669189
25/09/2021,2925.565674,1,42716.59375,1,2925.565674
26/09/2021,3062.265381,1,43208.53906,1,3062.265381
27/09/2021,2934.138916,1,42235.73047,1,2934.138916
28/09/2021,2807.296631,1,41034.54297,1,2807.296631
29/09/2021,2853.143311,1,41564.36328,1,2853.143311
30/09/2021,3001.678955,1,43790.89453,1,3001.678955
01/10/2021,3307.516113,1,48116.94141,1,3307.516113
02/10/2021,3391.694336,1,47711.48828,1,3391.694336
03/10/2021,3418.358643,1,48199.95313,1,3418.358643
04/10/2021,3380.089111,1,49112.90234,1,3380.089111
05/10/2021,3518.518555,1,51514.8125,1,3518.518555
06/10/2021,3580.562012,1,55361.44922,1,3580.562012
07/10/2021,3587.974854,1,53805.98438,1,3587.974854
08/10/2021,3563.759277,1,53967.84766,1,3563.759277
09/10/2021,3575.716797,1,54968.22266,1,3575.716797
10/10/2021,3425.852783,1,54771.57813,1,3425.852783
11/10/2021,3545.354004,1,57484.78906,1,3545.354004
12/10/2021,3492.573242,1,56041.05859,1,3492.573242
13/10/2021,3606.20166,1,57401.09766,1,3606.20166
14/10/2021,3786.01416,1,57321.52344,1,3786.01416
15/10/2021,3862.634766,1,61593.94922,1,3862.634766
16/10/2021,3830.38208,1,60892.17969,1,3830.38208
17/10/2021,3847.104492,1,61553.61719,1,3847.104492
18/10/2021,3748.760254,1,62026.07813,1,3748.760254
19/10/2021,3877.650879,1,64261.99219,1,3877.650879
20/10/2021,4155.992188,1,65992.83594,1,4155.992188
21/10/2021,4054.322754,1,62210.17188,1,4054.322754
22/10/2021,3970.181885,1,60692.26563,1,3970.181885
23/10/2021,4171.663574,1,61393.61719,1,4171.663574
24/10/2021,4087.903076,1,60930.83594,1,4087.903076
25/10/2021,4217.876953,1,63039.82422,1,4217.876953
26/10/2021,4131.102051,1,60363.79297,1,4131.102051
27/10/2021,3930.257324,1,58482.38672,1,3930.257324
28/10/2021,4287.318848,1,60622.13672,1,4287.318848
29/10/2021,4414.746582,1,62227.96484,1,4414.746582
30/10/2021,4325.650391,1,61888.83203,1,4325.650391
31/10/2021,4288.074219,1,61318.95703,1,4288.074219
01/11/2021,4324.626953,1,61004.40625,1,4324.626953
02/11/2021,4584.798828,1,63226.40234,1,4584.798828
03/11/2021,4607.193848,1,62970.04688,1,4607.193848
04/11/2021,4537.324219,1,61452.23047,1,4537.324219
05/11/2021,4486.243164,1,61125.67578,1,4486.243164
06/11/2021,4521.581055,1,61527.48047,1,4521.581055
07/11/2021,4620.554688,1,63326.98828,1,4620.554688
08/11/2021,4812.087402,1,67566.82813,1,4812.087402
09/11/2021,4735.068848,1,66971.82813,1,4735.068848
10/11/2021,4636.174316,1,64995.23047,1,4636.174316
11/11/2021,4730.384277,1,64949.96094,1,4730.384277
12/11/2021,4667.115234,1,64155.94141,1,4667.115234
13/11/2021,4651.460449,1,64469.52734,1,4651.460449
14/11/2021,4626.358887,1,65466.83984,1,4626.358887
15/11/2021,4557.503906,1,63557.87109,1,4557.503906
16/11/2021,4216.365234,1,60161.24609,1,4216.365234
17/11/2021,4287.59375,1,60368.01172,1,4287.59375
18/11/2021,4000.650879,1,56942.13672,1,4000.650879
19/11/2021,4298.306641,1,58119.57813,1,4298.306641
20/11/2021,4409.931152,1,59697.19531,1,4409.931152
21/11/2021,4269.73291,1,58730.47656,1,4269.73291
22/11/2021,4088.457764,1,56289.28906,1,4088.457764
23/11/2021,4340.763672,1,57569.07422,1,4340.763672
24/11/2021,4239.981445,1,56280.42578,1,4239.981445
25/11/2021,4274.743164,1,57274.67969,1,4274.743164
26/11/2021,4030.908936,1,53569.76563,1,4030.908936
27/11/2021,4096.912109,1,54815.07813,1,4096.912109
28/11/2021,4294.453613,1,57248.45703,1,4294.453613
29/11/2021,4445.10498,1,57806.56641,1,4445.10498
30/11/2021,4631.479004,1,57005.42578,1,4631.479004
01/12/2021,4586.990234,1,57229.82813,1,4586.990234
02/12/2021,4511.302246,1,56477.81641,1,4511.302246
03/12/2021,4220.706055,1,53598.24609,1,4220.706055
04/12/2021,4119.587402,1,49200.70313,1,4119.587402
05/12/2021,4198.322754,1,49368.84766,1,4198.322754
06/12/2021,4358.737305,1,50582.625,1,4358.737305
07/12/2021,4315.061523,1,50700.08594,1,4315.061523
08/12/2021,4439.35791,1,50504.79688,1,4439.35791
09/12/2021,4119.815918,1,47672.12109,1,4119.815918
10/12/2021,3908.496094,1,47243.30469,1,3908.496094
11/12/2021,4084.452393,1,49362.50781,1,4084.452393
12/12/2021,4134.453125,1,50098.33594,1,4134.453125
13/12/2021,3784.226807,1,46737.48047,1,3784.226807
14/12/2021,3745.44043,1,46612.63281,1,3745.44043
15/12/2021,4018.388672,1,48896.72266,1,4018.388672
16/12/2021,3962.469727,1,47665.42578,1,3962.469727
17/12/2021,3879.486572,1,46202.14453,1,3879.486572
18/12/2021,3960.860107,1,46848.77734,1,3960.860107
19/12/2021,3922.592529,1,46707.01563,1,3922.592529
20/12/2021,3933.844482,1,46880.27734,1,3933.844482
21/12/2021,4020.26001,1,48936.61328,1,4020.26001
22/12/2021,3982.099609,1,48628.51172,1,3982.099609
23/12/2021,4108.015625,1,50784.53906,1,4108.015625
24/12/2021,4047.98291,1,50822.19531,1,4047.98291
25/12/2021,4093.281006,1,50429.85938,1,4093.281006
26/12/2021,4067.328125,1,50809.51563,1,4067.328125
27/12/2021,4037.547607,1,50640.41797,1,4037.547607
28/12/2021,3800.893066,1,47588.85547,1,3800.893066
29/12/2021,3628.531738,1,46444.71094,1,3628.531738
30/12/2021,3713.852051,1,47178.125,1,3713.852051
31/12/2021,3682.632813,1,46306.44531,1,3682.632813
01/01/2022,3769.697021,1,47686.8125,1,3769.697021
02/01/2022,3829.564941,1,47345.21875,1,3829.564941
03/01/2022,3761.380371,1,46458.11719,1,3761.380371
04/01/2022,3794.056641,1,45897.57422,1,3794.056641
05/01/2022,3550.386963,1,43569.00391,1,3550.386963
06/01/2022,3418.408203,1,43160.92969,1,3418.408203
07/01/2022,3193.210449,1,41557.90234,1,3193.210449
08/01/2022,3091.972656,1,41733.94141,1,3091.972656
09/01/2022,3157.751465,1,41911.60156,1,3157.751465
10/01/2022,3083.0979,1,41821.26172,1,3083.0979
11/01/2022,3238.111572,1,42735.85547,1,3238.111572
12/01/2022,3372.258301,1,43949.10156,1,3372.258301
13/01/2022,3248.288574,1,42591.57031,1,3248.288574
14/01/2022,3310.001465,1,43099.69922,1,3310.001465
15/01/2022,3330.530762,1,43177.39844,1,3330.530762
16/01/2022,3350.921875,1,43113.87891,1,3350.921875
17/01/2022,3212.304932,1,42250.55078,1,3212.304932
18/01/2022,3164.025146,1,42375.63281,1,3164.025146
19/01/2022,3095.825928,1,41744.32813,1,3095.825928
20/01/2022,3001.120117,1,40680.41797,1,3001.120117
21/01/2022,2557.931641,1,36457.31641,1,2557.931641
22/01/2022,2405.181152,1,35030.25,1,2405.181152
23/01/2022,2535.039063,1,36276.80469,1,2535.039063
24/01/2022,2440.352295,1,36654.32813,1,2440.352295
25/01/2022,2455.935059,1,36954.00391,1,2455.935059
26/01/2022,2468.030273,1,36852.12109,1,2468.030273
27/01/2022,2423.001221,1,37138.23438,1,2423.001221
28/01/2022,2547.092041,1,37784.33203,1,2547.092041
29/01/2022,2597.084717,1,38138.17969,1,2597.084717
30/01/2022,2603.466553,1,37917.60156,1,2603.466553
31/01/2022,2688.278809,1,38483.125,1,2688.278809
01/02/2022,2792.117188,1,38743.27344,1,2792.117188
02/02/2022,2682.854004,1,36952.98438,1,2682.854004
03/02/2022,2679.162598,1,37154.60156,1,2679.162598
04/02/2022,2983.586914,1,41500.875,1,2983.586914
05/02/2022,3014.648193,1,41441.16406,1,3014.648193
06/02/2022,3057.476074,1,42412.43359,1,3057.476074
07/02/2022,3142.470703,1,43840.28516,1,3142.470703
08/02/2022,3122.608643,1,44118.44531,1,3122.608643
09/02/2022,3239.457031,1,44338.79688,1,3239.457031
10/02/2022,3077.482178,1,43565.11328,1,3077.482178
11/02/2022,2927.383545,1,42407.9375,1,2927.383545
12/02/2022,2917.362793,1,42244.46875,1,2917.362793
13/02/2022,2883.463379,1,42197.51563,1,2883.463379
14/02/2022,2933.479004,1,42586.91797,1,2933.479004
15/02/2022,3179.877197,1,44575.20313,1,3179.877197
16/02/2022,3127.830078,1,43961.85938,1,3127.830078
17/02/2022,2881.481934,1,40538.01172,1,2881.481934
18/02/2022,2785.727539,1,40030.97656,1,2785.727539
19/02/2022,2763.701172,1,40122.15625,1,2763.701172
20/02/2022,2628.648438,1,38431.37891,1,2628.648438
21/02/2022,2573.816162,1,37075.28125,1,2573.816162
22/02/2022,2639.299316,1,38286.02734,1,2639.299316
23/02/2022,2590.359619,1,37296.57031,1,2590.359619
24/02/2022,2598.067139,1,38332.60938,1,2598.067139
25/02/2022,2764.535645,1,39214.21875,1,2764.535645
26/02/2022,2781.111816,1,39105.14844,1,2781.111816
27/02/2022,2621.801758,1,37709.78516,1,2621.801758
28/02/2022,2919.201172,1,43193.23438,1,2919.201172
01/03/2022,2972.485107,1,44354.63672,1,2972.485107
02/03/2022,2950.118408,1,43924.11719,1,2950.118408
03/03/2022,2834.468994,1,42451.78906,1,2834.468994
04/03/2022,2617.156006,1,39137.60547,1,2617.156006
05/03/2022,2664.831055,1,39400.58594,1,2664.831055
06/03/2022,2555.037354,1,38419.98438,1,2555.037354
07/03/2022,2497.77124,1,38062.03906,1,2497.77124
08/03/2022,2576.747559,1,38737.26953,1,2576.747559
09/03/2022,2729.783447,1,41982.92578,1,2729.783447
10/03/2022,2608.048584,1,39437.46094,1,2608.048584
11/03/2022,2559.562988,1,38794.97266,1,2559.562988
12/03/2022,2574.75415,1,38904.01172,1,2574.75415
13/03/2022,2518.94458,1,37849.66406,1,2518.94458
14/03/2022,2590.696045,1,39666.75391,1,2590.696045
15/03/2022,2620.149658,1,39338.78516,1,2620.149658
16/03/2022,2772.055664,1,41143.92969,1,2772.055664
17/03/2022,2814.854492,1,40951.37891,1,2814.854492
18/03/2022,2945.343018,1,41801.15625,1,2945.343018
19/03/2022,2946.25708,1,42190.65234,1,2946.25708
20/03/2022,2860.459229,1,41247.82422,1,2860.459229
21/03/2022,2897.976563,1,41077.99609,1,2897.976563
22/03/2022,2973.131104,1,42358.80859,1,2973.131104
23/03/2022,3031.067139,1,42892.95703,1,3031.067139
24/03/2022,3108.062012,1,43960.93359,1,3108.062012
25/03/2022,3106.671387,1,44348.73047,1,3106.671387
26/03/2022,3143.178955,1,44500.82813,1,3143.178955
27/03/2022,3291.577637,1,46820.49219,1,3291.577637
28/03/2022,3336.634521,1,47128.00391,1,3336.634521
29/03/2022,3401.987793,1,47465.73047,1,3401.987793
30/03/2022,3385.157959,1,47062.66406,1,3385.157959
31/03/2022,3281.642822,1,45538.67578,1,3281.642822
01/04/2022,3449.552246,1,46281.64453,1,3449.552246
02/04/2022,3445.059326,1,45868.94922,1,3445.059326
03/04/2022,3522.833496,1,46453.56641,1,3522.833496
04/04/2022,3521.241211,1,46622.67578,1,3521.241211
05/04/2022,3411.79248,1,45555.99219,1,3411.79248
06/04/2022,3171.691895,1,43206.73828,1,3171.691895
07/04/2022,3233.274658,1,43503.84766,1,3233.274658
08/04/2022,3192.073975,1,42287.66406,1,3192.073975
09/04/2022,3261.91626,1,42782.13672,1,3261.91626
10/04/2022,3211.866943,1,42207.67188,1,3211.866943
11/04/2022,2981.052246,1,39521.90234,1,2981.052246
12/04/2022,3030.376465,1,40127.18359,1,3030.376465
13/04/2022,3118.344238,1,41166.73047,1,3118.344238
14/04/2022,3011.064209,1,39891.48438,1,3011.064209